,Price,Price $ Change,Price % Change,Comp. Rating,EPS Rating,RS Rating,Ind Grp RS,SMR Rating,Acc/Dis Rating,Spon Rating,Vol. % Change,Vol. (1000s),Beta,ATR,SMA20,SMA50,SMA200,52W High,52W Low,RSI,Price,from Open,Gap,Company,Sector,Industry,Country
BC,99.52,-0.43,-0.43,96.0,91.0,85.0,8.0,5.0,10.0,3.0,100.0,1470,1.88,3.71,0.0394,0.0868,0.366,-0.0784,2.9409,56.33,99.39,-0.0095,0.0039,Brunswick Corporation,Consumer Cyclical,Leisure,USA
UIS,25.91,-1.41,-5.16,64.0,72.0,87.0,7.0,,5.0,3.0,116.0,1279,0.64,1.21,0.0034999999999999,0.0448,0.6358,-0.0727,1.7679,51.37,25.88,-0.0513,-0.0018,Unisys Corporation,Technology,Information Technology Services,USA
CLF,16.63,-0.06,-0.36,74.0,19.0,94.0,12.0,4.0,2.0,3.0,-16.0,16116,2.21,1.07,0.06,0.0192,0.664,-0.114,5.323200000000001,54.14,16.63,-0.0131,0.0096,Cleveland-Cliffs Inc.,Basic Materials,Steel,USA
DAN,25.26,-0.33,-1.29,65.0,19.0,90.0,11.0,2.0,10.0,3.0,67.0,2358,2.66,1.22,0.0189,0.1069,0.5149,-0.079,4.939,55.22,25.3,-0.0113,0.0,Dana Incorporated,Consumer Cyclical,Auto Parts,USA
DE,372.23,-8.18,-2.15,96.0,93.0,88.0,10.0,4.0,8.0,3.0,56.0,2901,1.07,9.83,0.0494,0.1525,0.5488000000000001,-0.0508,2.5057,66.83,372.48,-0.0133,-0.0076,Deere & Company,Industrials,Farm & Heavy Construction Machinery,USA
DIOD,88.9,3.86,4.54,97.0,81.0,83.0,10.0,4.0,11.0,3.0,364.0,1564,1.13,3.78,0.1018,0.1266,0.4264,0.0159,1.8211,64.35,88.9,0.0295,0.0154,Diodes Incorporated,Technology,Semiconductors,USA
EQT,18.51,0.91,5.17,44.0,17.0,74.0,7.0,1.0,10.0,3.0,27.0,7437,1.28,1.11,0.0102,0.0646,0.2201,-0.062,2.2806,53.42,18.47,0.0494,0.0,EQT Corporation,Energy,Oil & Gas E&P,USA
FDX,278.33,14.8,5.62,88.0,86.0,73.0,1.0,4.0,9.0,3.0,372.0,12398,1.26,8.58,0.0782,0.0994999999999999,0.2026,-0.0852999999999999,1.8713,64.48,279.58,0.0019,0.059,FedEx Corporation,Industrials,Integrated Freight & Logistics,USA
TGNA,20.6,0.2,0.98,99.0,85.0,77.0,13.0,5.0,12.0,3.0,106.0,3859,1.31,0.63,0.0915,0.1903999999999999,0.5047999999999999,-0.0077,1.1457,78.66,20.62,0.0068,0.0039,TEGNA Inc.,Communication Services,Broadcasting,USA
GM,59.8,0.53,0.89,87.0,74.0,89.0,7.0,3.0,11.0,2.0,-17.0,22407,1.39,2.28,0.0958,0.1319,0.583,-0.0389,2.988,64.15,59.82,0.0112,-0.0019,General Motors Company,Consumer Cyclical,Auto Manufacturers,USA
HSC,18.51,0.6,3.35,74.0,46.0,73.0,9.0,4.0,10.0,3.0,188.0,1230,2.21,1.08,0.0172,0.0084,0.1698,-0.1659,3.1111,52.8,18.5,0.0353,-0.0022,Harsco Corporation,Industrials,Specialty Industrial Machinery,USA
HPQ,30.04,-0.27,-0.89,80.0,86.0,75.0,8.0,4.0,11.0,3.0,49.0,14880,1.02,0.87,0.0242,0.1063,0.4133,-0.0331,1.3987,60.42,30.08,0.0013,-0.0089,HP Inc.,Technology,Computer Hardware,USA
GFF,26.89,-0.58,-2.11,90.0,92.0,78.0,9.0,4.0,8.0,3.0,114.0,563,2.01,0.89,0.0352,0.095,0.2426,-0.0555,1.9388,59.23,26.89,-0.0302999999999999,0.0095,Griffon Corporation,Industrials,Tools & Accessories,USA
LDL,35.51,-1.15,-3.14,61.0,37.0,95.0,11.0,2.0,4.0,3.0,240.0,357,3.09,2.25,-0.0557,0.0279999999999999,0.5013000000000001,-0.1578999999999999,6.3946000000000005,45.5,35.42,-0.0288,-0.0052,"Lydall, Inc.",Industrials,Specialty Industrial Machinery,USA
LPX,53.77,-0.14,-0.26,98.0,90.0,89.0,9.0,5.0,8.0,3.0,127.0,3140,1.85,2.02,0.0858,0.2217,0.5657,-0.0339,3.1295,70.12,53.89,-0.0024,0.002,Louisiana-Pacific Corporation,Industrials,Building Products & Equipment,USA
LB,60.43,0.27,0.45,88.0,72.0,96.0,12.0,,12.0,4.0,-20.0,3513,1.78,2.31,0.0892999999999999,0.218,0.7804000000000001,-0.0248,6.114,70.36,60.54,0.0113999999999999,-0.005,"L Brands, Inc.",Consumer Cyclical,Apparel Retail,USA
JEF,33.76,0.08,0.24,98.0,97.0,86.0,11.0,5.0,12.0,3.0,25.0,3120,1.5,1.01,0.0863,0.2027,0.5834,-0.0321,2.0125,73.02,33.74,0.0054,-0.0036,Jefferies Financial Group Inc.,Financial,Financial Conglomerates,USA
MAT,21.09,0.3,1.44,96.0,77.0,84.0,11.0,4.0,9.0,3.0,14.0,3046,1.53,0.78,0.0327999999999999,0.0955,0.4800999999999999,-0.0356999999999999,2.2297,59.47,21.09,0.0208,-0.0063,"Mattel, Inc.",Consumer Cyclical,Leisure,USA
MDP,34.84,0.77,2.26,95.0,79.0,90.0,8.0,4.0,12.0,3.0,29.0,675,2.39,1.84,0.1003999999999999,0.3535999999999999,0.9411,-0.0704,2.4825,64.35,34.86,0.0187,0.0044,Meredith Corporation,Communication Services,Publishing,USA
NX,26.49,0.37,1.42,95.0,89.0,83.0,9.0,4.0,11.0,3.0,238.0,782,1.71,0.96,0.0353,0.0596999999999999,0.3576,-0.05,2.3443,59.89,26.42,0.0103,0.0011,Quanex Building Products Corporation,Industrials,Building Products & Equipment,USA
OC,90.81,-0.07,-0.08,87.0,87.0,78.0,9.0,4.0,8.0,3.0,43.0,1389,1.57,3.03,0.0791,0.0938,0.2817,-0.0283999999999999,2.1824,64.54,90.89,-0.0022,0.0022,Owens Corning,Industrials,Building Products & Equipment,USA
OLN,39.88,0.92,2.36,69.0,25.0,94.0,9.0,1.0,12.0,3.0,91.0,2837,1.26,1.8,0.2196999999999999,0.363,1.0899,-0.0582,3.1169,80.75,39.81,0.0247,-0.0028,Olin Corporation,Basic Materials,Specialty Chemicals,USA
AFG,116.33,-2.17,-1.83,81.0,84.0,80.0,6.0,3.0,8.0,3.0,199.0,1944,0.94,2.71,0.0291,0.1411,0.4810999999999999,-0.0361,1.643,63.41,116.28,-0.0187,0.0,"American Financial Group, Inc.",Financial,Insurance - Property & Casualty,USA
TPC,17.96,0.22,1.24,85.0,73.0,79.0,10.0,4.0,8.0,3.0,115.0,827,1.45,0.94,0.01,0.0592,0.2984,-0.1135999999999999,3.2714,51.73,17.94,0.0147,-0.0034,Tutor Perini Corporation,Industrials,Engineering & Construction,USA
RAD,25.33,0.97,3.98,67.0,36.0,76.0,6.0,3.0,11.0,3.0,-32.0,1858,0.91,1.77,0.1418,0.1536,0.6109,-0.2201,1.8605,58.69,25.33,0.042,-0.0021,Rite Aid Corporation,Healthcare,Pharmaceutical Retailers,USA
RBC,153.76,1.31,0.86,88.0,82.0,82.0,8.0,3.0,12.0,3.0,96.0,657,1.38,5.15,0.08,0.1288,0.4064,-0.036,1.9602,68.04,153.9,0.0075,0.002,Regal Beloit Corporation,Industrials,Specialty Industrial Machinery,USA
ROG,198.07,0.14,0.07,86.0,78.0,81.0,10.0,3.0,8.0,4.0,157.0,209,1.86,7.41,0.0548,0.1127,0.4382999999999999,-0.0026,1.617,63.74,198.16,0.0012,0.0,Rogers Corporation,Technology,Electronic Components,USA
SGC,28.2,2.65,10.4,94.0,92.0,87.0,5.0,5.0,10.0,3.0,370.0,269,0.89,1.39,0.1343,0.1318,0.3157999999999999,-0.0133,3.6447,66.39,28.2,0.1081,-0.0039,"Superior Group of Companies, Inc.",Consumer Cyclical,Apparel Manufacturing,USA
SKY,45.36,2.08,4.81,92.0,85.0,87.0,9.0,3.0,10.0,3.0,56.0,756,2.25,2.05,0.0184,0.1398,0.4733,-0.0452,2.8688,56.58,45.42,0.0492,0.0002,Skyline Champion Corporation,Consumer Cyclical,Residential Construction,USA
SNA,225.04,-0.48,-0.21,87.0,82.0,76.0,5.0,4.0,12.0,3.0,117.0,1234,1.29,5.14,0.0630999999999999,0.1669999999999999,0.376,-0.0163,1.4846,72.25,225.4,0.0042,-0.0046999999999999,Snap-on Incorporated,Industrials,Tools & Accessories,USA
TEN,11.27,-0.25,-2.17,64.0,40.0,85.0,11.0,2.0,8.0,3.0,149.0,3374,2.74,0.68,-0.0229,0.0216,0.2143,-0.1425,4.0905000000000005,48.04,11.25,-0.0157,-0.0078,Tenneco Inc.,Consumer Cyclical,Auto Parts,USA
WGO,81.5,-1.72,-2.07,97.0,94.0,83.0,9.0,4.0,10.0,3.0,10.0,768,2.05,3.89,0.0586,0.1341999999999999,0.3323,-0.0695,3.8081,58.06,81.45,-0.0333,0.0125,"Winnebago Industries, Inc.",Consumer Cyclical,Recreational Vehicles,USA
WHR,218.61,3.38,1.57,89.0,87.0,78.0,9.0,4.0,10.0,3.0,-7.0,708,1.88,6.32,0.0943,0.1157,0.2269,-0.0137,2.4134,67.85,218.46,0.0131,0.0019,Whirlpool Corporation,Consumer Cyclical,"Furnishings, Fixtures & Appliances",USA
FL,58.57,1.94,3.43,81.0,43.0,86.0,12.0,3.0,9.0,3.0,0.0,1959,1.36,2.37,0.079,0.1661,0.5324,-0.0136,2.3528,62.97,58.54,0.0374,-0.0034999999999999,"Foot Locker, Inc.",Consumer Cyclical,Footwear & Accessories,USA
SPB,86.93,2.1,2.48,95.0,68.0,84.0,9.0,4.0,11.0,3.0,68.0,568,1.9,2.71,0.0575,0.0706,0.3521,-0.0046999999999999,2.8545,63.8,86.92,0.0296,-0.0048,"Spectrum Brands Holdings, Inc.",Consumer Defensive,Household & Personal Products,USA
MATX,74.3,0.36,0.49,98.0,85.0,84.0,13.0,5.0,8.0,3.0,105.0,528,1.04,2.71,0.0033,0.0779,0.4749,-0.06,2.1288,55.47,74.31,-0.0017,0.0069,"Matson, Inc.",Industrials,Marine Shipping,USA
AMAT,114.86,0.58,0.51,99.0,94.0,86.0,12.0,5.0,9.0,4.0,42.0,12349,1.47,5.94,-0.0074,0.0548,0.483,-0.0774,2.1163,51.74,114.86,0.0031,0.002,"Applied Materials, Inc.",Technology,Semiconductor Equipment & Materials,USA
NATR,20.16,0.33,1.66,93.0,74.0,85.0,5.0,4.0,12.0,3.0,77.0,137,0.85,0.78,0.1196,0.1826,0.5872999999999999,-0.0187,2.6655,70.43,20.16,0.004,0.0126,"Nature's Sunshine Products, Inc.",Consumer Defensive,Household & Personal Products,USA
CDE,9.95,-0.02,-0.2,76.0,74.0,83.0,1.0,4.0,7.0,3.0,35.0,7286,1.94,0.59,0.0617,0.0762,0.2529,-0.2095,2.984,56.4,9.96,-0.005,0.004,"Coeur Mining, Inc.",Basic Materials,Gold,USA
CSWC,21.71,0.23,1.05,94.0,91.0,75.0,8.0,5.0,11.0,4.0,-35.0,122,1.26,0.58,-0.0072,0.0771,0.3546,-0.0409999999999999,1.9668,56.17,21.72,0.0126,-0.0014,Capital Southwest Corporation,Financial,Asset Management,USA
CTO,52.49,-3.19,-5.73,81.0,43.0,71.0,9.0,4.0,8.0,3.0,171.0,140,0.78,1.87,-0.0225,0.0779,0.3445,-0.0834999999999999,0.9613,49.86,52.15,-0.0387,-0.0256999999999999,"CTO Realty Growth, Inc.",Real Estate,Real Estate - Development,USA
ESCA,22.25,0.02,0.09,90.0,89.0,83.0,8.0,5.0,6.0,3.0,163.0,123,1.41,1.1,0.018,0.0225,0.1843,-0.0748,3.7441,51.12,22.25,-0.0151,0.0162,"Escalade, Incorporated",Consumer Cyclical,Leisure,USA
FHN,17.25,-0.35,-1.99,92.0,65.0,80.0,13.0,5.0,8.0,3.0,42.0,9971,1.54,0.6,0.0171,0.0962,0.4547,-0.063,1.7528,57.68,17.26,-0.008,-0.0113999999999999,First Horizon Corporation,Financial,Banks - Regional,USA
AMOT,54.38,1.58,2.99,69.0,56.0,71.0,8.0,3.0,10.0,3.0,211.0,94,1.79,2.31,0.0947,0.107,0.2608,-0.0129,1.8621,62.71,54.38,0.0283999999999999,0.0015,Allied Motion Technologies Inc.,Technology,Electronic Components,USA
HVT,39.37,0.42,1.08,94.0,79.0,90.0,10.0,3.0,11.0,3.0,158.0,535,1.61,1.89,0.0797,0.1472,0.6408,-0.024,3.2966,64.74,39.41,0.0081999999999999,0.0036,"Haverty Furniture Companies, Inc.",Consumer Cyclical,Home Improvement Retail,USA
HWKN,35.21,-1.36,-3.72,88.0,89.0,75.0,5.0,4.0,8.0,3.0,620.0,396,0.88,1.56,0.0372,0.153,0.3553,-0.1138,1.491,56.43,35.21,-0.0279,-0.0096,"Hawkins, Inc.",Basic Materials,Specialty Chemicals,USA
IGT,18.55,0.29,1.59,65.0,26.0,87.0,11.0,1.0,11.0,3.0,0.0,2715,2.35,1.21,0.024,0.0433,0.4376,-0.0862,4.1528,53.08,18.55,0.0187,-0.0027,International Game Technology PLC,Consumer Cyclical,Gambling,United Kingdom
KLIC,48.9,-0.72,-1.45,99.0,82.0,87.0,12.0,5.0,5.0,3.0,-12.0,788,1.22,2.49,0.0231,0.1321,0.6152000000000001,-0.0695,1.8916,56.07,48.9,-0.0135,-0.001,"Kulicke and Soffa Industries, Inc.",Technology,Semiconductor Equipment & Materials,Singapore
MDC,57.01,0.61,1.08,96.0,98.0,81.0,6.0,5.0,10.0,3.0,80.0,1136,1.47,2.59,0.0298,0.0982,0.3061,-0.0739,2.886,54.32,57.03,0.0088,0.0023,"M.D.C. Holdings, Inc.",Consumer Cyclical,Residential Construction,USA
OMI,38.34,0.59,1.58,88.0,75.0,97.0,4.0,3.0,10.0,3.0,40.0,1986,0.29,2.05,0.1621,0.2689,0.7873,0.0081,6.3981,69.69,38.47,0.0215,-0.0021,"Owens & Minor, Inc.",Healthcare,Medical Distribution,USA
UNM,27.86,-0.61,-2.14,59.0,60.0,79.0,3.0,4.0,2.0,2.0,189.0,7620,1.76,1.04,0.0008,0.078,0.3469,-0.0808,1.9113,53.69,27.89,-0.011,-0.0095,Unum Group,Financial,Insurance - Life,USA
PATK,84.51,-2.29,-2.64,96.0,94.0,87.0,9.0,4.0,10.0,3.0,55.0,239,2.47,3.45,-0.0081,0.0813,0.2874,-0.0993999999999999,4.0605,51.26,84.51,-0.0204999999999999,-0.006,"Patrick Industries, Inc.",Industrials,Building Products & Equipment,USA
PNR,61.0,-0.22,-0.36,77.0,58.0,73.0,7.0,5.0,10.0,3.0,-38.0,696,1.17,1.63,0.045,0.0721,0.2467,-0.0194,1.7724000000000002,63.5,61.02,0.0040999999999999,-0.0074,Pentair plc,Industrials,Specialty Industrial Machinery,United Kingdom
USLM,147.0,3.0,2.08,90.0,85.0,76.0,8.0,5.0,11.0,3.0,246.0,30,0.66,4.55,0.0163999999999999,0.0828999999999999,0.3992,-0.0576999999999999,1.3481999999999998,56.4,147.0,0.0176,0.0032,"United States Lime & Minerals, Inc.",Basic Materials,Building Materials,USA
STKL,15.65,1.04,7.12,69.0,49.0,97.0,3.0,2.0,9.0,2.0,16.0,1460,2.15,0.96,0.0716,0.0889,0.7321,-0.0828999999999999,9.4333,58.53,15.65,0.0646,0.0062,SunOpta Inc.,Consumer Defensive,Packaged Foods,Canada
VMI,240.27,-2.1,-0.87,92.0,83.0,85.0,9.0,4.0,8.0,3.0,74.0,322,1.21,6.8,0.0022,0.0864,0.5241,-0.0458,1.7334,56.37,240.1,-0.0036,-0.0058,"Valmont Industries, Inc.",Industrials,Metal Fabrication,USA
OPY,42.22,-1.07,-2.47,99.0,99.0,84.0,11.0,5.0,12.0,3.0,98.0,258,1.1,1.35,0.0476999999999999,0.1509,0.5336,-0.0484,2.0654,63.86,42.23,-0.0272,0.0028,Oppenheimer Holdings Inc.,Financial,Capital Markets,USA
PAR,78.42,1.27,1.65,74.0,20.0,95.0,12.0,2.0,9.0,4.0,15.0,289,1.89,5.02,-0.0154,0.0409999999999999,0.5882000000000001,-0.1307,6.7649,51.51,78.54,-0.001,0.0189,PAR Technology Corporation,Technology,Software - Application,USA
COOP,36.11,1.25,3.59,95.0,33.0,93.0,11.0,4.0,12.0,3.0,186.0,2726,1.69,1.79,0.0803,0.1623,0.5676,-0.0474,7.3782,62.95,36.11,0.0359,0.0,Mr. Cooper Group Inc.,Financial,Mortgage Finance,USA
HCA,188.5,0.47,0.25,72.0,85.0,76.0,8.0,,9.0,4.0,59.0,2543,1.65,4.87,0.0409999999999999,0.0789,0.3282,-0.0279,1.8238,61.41,188.6,0.006,-0.0029,"HCA Healthcare, Inc.",Healthcare,Medical Care Facilities,USA
RJF,119.75,-0.59,-0.49,92.0,81.0,73.0,11.0,4.0,9.0,3.0,4.0,855,1.25,2.99,0.0070999999999999,0.0798,0.3804999999999999,-0.0347,1.2083,59.6,119.71,0.0083,-0.0134,"Raymond James Financial, Inc.",Financial,Capital Markets,USA
SF,64.89,-1.79,-2.68,95.0,93.0,84.0,11.0,5.0,6.0,3.0,125.0,1460,1.55,2.01,0.013,0.1202999999999999,0.5012,-0.0587,2.1177,57.74,64.89,-0.0204999999999999,-0.0064,Stifel Financial Corp.,Financial,Capital Markets,USA
HOV,104.81,0.14,0.13,87.0,74.0,99.0,6.0,,13.0,4.0,-14.0,125,2.64,8.02,0.2855,0.7691,1.7731,-0.0791999999999999,18.2674,70.43,105.2,0.0136,-0.0084,"Hovnanian Enterprises, Inc.",Consumer Cyclical,Residential Construction,USA
THO,142.66,-0.09,-0.06,98.0,81.0,87.0,9.0,4.0,12.0,3.0,37.0,1102,2.41,6.13,0.1061999999999999,0.1885,0.3592,-0.0628,3.4161,63.69,142.64,-0.008,0.0073,"Thor Industries, Inc.",Consumer Cyclical,Recreational Vehicles,USA
GBCI,60.25,-1.93,-3.1,97.0,93.0,78.0,13.0,5.0,6.0,3.0,257.0,1365,1.05,2.29,0.0168,0.1227999999999999,0.4477,-0.1054,1.2218,55.11,60.25,-0.0128,-0.0185,"Glacier Bancorp, Inc.",Financial,Banks - Regional,USA
RFP,9.27,-0.14,-1.49,91.0,74.0,96.0,7.0,2.0,10.0,2.0,59.0,785,3.33,0.63,-0.0291,0.0521999999999999,0.7089,-0.1707999999999999,7.1316,48.51,9.27,-0.0064,-0.0085,Resolute Forest Products Inc.,Basic Materials,Paper & Paper Products,Canada
MU,90.51,0.69,0.77,96.0,96.0,80.0,11.0,4.0,9.0,4.0,21.0,24048,1.32,4.45,0.0127,0.0673,0.4647,-0.0547,1.6897,53.48,90.51,0.0011,0.0066,"Micron Technology, Inc.",Technology,Semiconductors,USA
MGA,91.82,0.64,0.7,90.0,74.0,89.0,11.0,2.0,9.0,3.0,-5.0,1505,1.61,3.26,0.0419,0.143,0.5432,-0.0374,2.8286,61.92,91.81,0.0034,0.0034999999999999,Magna International Inc.,Consumer Cyclical,Auto Parts,Canada
ONTO,60.28,-0.05,-0.08,97.0,94.0,84.0,12.0,5.0,4.0,3.0,84.0,739,1.21,3.59,-0.0387,0.0093,0.4253,-0.1114,1.9462,47.41,60.22,-0.0073,0.0055,Onto Innovation Inc.,Technology,Semiconductors,USA
ICAD,18.73,0.23,1.24,63.0,42.0,80.0,8.0,1.0,11.0,4.0,12.0,242,1.21,1.26,0.0263,0.1305,0.5614,-0.1081,1.8771,55.73,18.73,0.0027,0.0097,"iCAD, Inc.",Healthcare,Health Information Services,USA
IIIN,36.63,-0.62,-1.66,92.0,67.0,90.0,9.0,4.0,9.0,3.0,388.0,445,1.74,1.53,0.064,0.2212,0.6492,-0.0672,2.6618,63.38,36.34,-0.0197,-0.0048,"Insteel Industries, Inc.",Industrials,Metal Fabrication,USA
RADA,12.52,0.34,2.79,95.0,74.0,90.0,9.0,4.0,5.0,3.0,-36.0,474,,0.89,-0.0281,0.0608999999999999,0.5243,-0.1541,4.9619,50.39,12.52,0.0279,0.0,RADA Electronic Industries Ltd.,Industrials,Aerospace & Defense,Israel
PTVCB,22.87,-0.12,-0.52,72.0,74.0,76.0,6.0,2.0,4.0,3.0,100.0,183,0.67,0.39,-0.0046999999999999,0.2421,0.4924,-0.0129,1.2118,78.48,22.87,-0.0048,-0.0004,Protective Insurance Corporation,Financial,Insurance - Property & Casualty,USA
CLDX,25.09,0.1,0.4,73.0,49.0,98.0,7.0,1.0,10.0,3.0,55.0,931,3.02,2.04,-0.057,0.0882,0.5341,-0.1684,15.7267,49.51,25.09,0.0133,-0.0092,"Celldex Therapeutics, Inc.",Healthcare,Biotechnology,USA
TOL,54.34,0.45,0.83,88.0,88.0,81.0,6.0,4.0,8.0,3.0,36.0,2604,1.55,2.43,-0.0060999999999999,0.0445,0.2223,-0.0819999999999999,3.0703,50.04,54.42,0.0056999999999999,0.0040999999999999,"Toll Brothers, Inc.",Consumer Cyclical,Residential Construction,USA
VIVO,25.75,0.9,3.62,96.0,82.0,83.0,7.0,5.0,10.0,3.0,35.0,1092,0.56,1.53,0.1291,0.0934,0.2802,-0.1599,2.9555,61.58,25.75,0.0186,0.0173,"Meridian Bioscience, Inc.",Healthcare,Diagnostics & Research,USA
FRC,168.94,-1.81,-1.06,91.0,88.0,72.0,13.0,5.0,6.0,4.0,-19.0,837,1.11,4.85,-0.0069,0.0455,0.2984,-0.0633,1.4112,53.46,168.93,0.0003,-0.011,First Republic Bank,Financial,Banks - Regional,USA
PTSI,60.47,-1.78,-2.86,86.0,88.0,82.0,7.0,3.0,6.0,4.0,134.0,27,1.7,2.76,-0.0051,0.0526,0.3971,-0.0824,1.7486000000000002,51.17,60.47,-0.0382,0.01,"P.A.M. Transportation Services, Inc.",Industrials,Trucking,USA
FCNCA,834.8,-15.2,-1.79,98.0,96.0,89.0,13.0,5.0,8.0,4.0,226.0,175,1.21,29.56,0.0435,0.1716,0.6388,-0.0595,2.0238,63.66,834.8,-0.0081,-0.0098999999999999,"First Citizens BancShares, Inc.",Financial,Banks - Regional,USA
FBP,12.21,0.17,1.41,98.0,71.0,89.0,13.0,4.0,11.0,3.0,392.0,9743,1.38,0.47,0.0885,0.1714999999999999,0.6319,-0.0294,2.4134,68.5,12.22,0.0141,0.0008,First BanCorp.,Financial,Banks - Regional,USA
CRMT,156.05,-1.45,-0.92,99.0,98.0,88.0,9.0,5.0,11.0,3.0,173.0,108,1.48,5.73,0.0626,0.1655,0.4729,-0.0542,3.2753,62.82,156.05,-0.0092,0.0,"America's Car-Mart, Inc.",Consumer Cyclical,Auto & Truck Dealerships,USA
OFG,23.01,0.22,0.97,97.0,92.0,80.0,13.0,5.0,11.0,3.0,230.0,796,1.55,0.86,0.1027,0.1701,0.4571,-0.0222,1.6569999999999998,73.39,22.93,0.0163999999999999,-0.0101,OFG Bancorp,Financial,Banks - Regional,USA
VOXX,23.05,0.95,4.3,87.0,74.0,98.0,8.0,3.0,9.0,3.0,-23.0,398,1.52,2.19,0.0358,0.0837,0.9413,-0.1703,11.6997,54.47,23.05,0.0516,-0.0081,VOXX International Corporation,Consumer Cyclical,Auto Parts,USA
UBSI,39.9,0.02,0.05,95.0,79.0,71.0,13.0,5.0,10.0,3.0,248.0,1801,1.41,1.38,0.0237,0.0936999999999999,0.3459,-0.0411,1.0285,60.65,39.9,0.0096,-0.009,"United Bankshares, Inc.",Financial,Banks - Regional,USA
MBI,10.03,0.03,0.3,51.0,23.0,73.0,6.0,2.0,10.0,3.0,113.0,1878,1.08,0.6,0.1896,0.3506,0.4172999999999999,-0.0721,0.8695999999999999,71.16,10.04,0.0069999999999999,-0.003,MBIA Inc.,Financial,Insurance - Specialty,USA
PII,135.53,2.34,1.76,92.0,87.0,79.0,8.0,5.0,11.0,4.0,214.0,2887,2.02,4.49,0.0516,0.1195,0.3166,-0.0394,2.6241000000000003,61.47,135.38,0.0085,0.0079,Polaris Inc.,Consumer Cyclical,Recreational Vehicles,USA
IMKTA,60.88,0.03,0.05,95.0,98.0,73.0,4.0,5.0,12.0,2.0,106.0,270,0.57,1.73,0.0629,0.1985,0.4314,-0.0358,0.8901,72.75,60.88,-0.0026,0.0031,"Ingles Markets, Incorporated",Consumer Defensive,Grocery Stores,USA
SCHW,66.02,-0.05,-0.08,94.0,82.0,78.0,11.0,5.0,8.0,3.0,11.0,9772,1.08,1.98,0.0237999999999999,0.0972,0.4713,-0.0317,1.3581,62.48,66.05,0.0102,-0.0104,The Charles Schwab Corporation,Financial,Capital Markets,USA
JOUT,146.2,1.29,0.89,97.0,99.0,84.0,8.0,5.0,12.0,3.0,100.0,63,0.96,5.63,0.0894,0.1791,0.5023,-0.0286,1.9984,68.44,146.2,0.0081,0.0008,Johnson Outdoors Inc.,Consumer Cyclical,Leisure,USA
MOS,33.34,-0.14,-0.42,96.0,74.0,90.0,9.0,2.0,10.0,3.0,-4.0,5682,1.86,1.72,0.0582,0.1348,0.6204999999999999,-0.0537,3.8136,59.89,33.31,-0.0048,-0.0003,The Mosaic Company,Basic Materials,Agricultural Inputs,USA
AB,42.37,0.88,2.12,76.0,81.0,77.0,8.0,3.0,9.0,3.0,18.0,621,1.42,1.11,0.1168999999999999,0.1387,0.3522999999999999,0.0187999999999999,2.1994,73.12,42.36,0.0168,0.0040999999999999,AllianceBernstein Holding L.P.,Financial,Asset Management,USA
SSP,22.66,-0.23,-1.0,99.0,77.0,89.0,13.0,5.0,13.0,3.0,71.0,853,2.17,1.13,0.0472,0.2460999999999999,0.7381,-0.0856,3.2276,62.86,22.66,-0.0092,-0.0009,The E.W. Scripps Company,Communication Services,Broadcasting,USA
MERC,14.38,-0.15,-1.03,73.0,63.0,78.0,7.0,2.0,11.0,3.0,108.0,626,1.97,0.74,-0.0415,0.0846,0.5471,-0.1389,1.4922,48.68,14.38,-0.0178,0.0076,Mercer International Inc.,Basic Materials,Paper & Paper Products,Canada
MGPI,63.43,-0.58,-0.91,75.0,78.0,81.0,4.0,5.0,7.0,3.0,65.0,222,1.52,3.22,-0.0351,0.0377,0.405,-0.1184,1.9311,47.56,63.43,-0.0252,0.0166,"MGP Ingredients, Inc.",Consumer Defensive,Packaged Foods,USA
IMGN,8.55,0.27,3.26,74.0,58.0,87.0,7.0,2.0,10.0,3.0,38.0,3688,1.41,0.63,-0.0408,0.0423,0.492,-0.2142,3.3846,49.02,8.55,0.0227,0.0097,"ImmunoGen, Inc.",Healthcare,Biotechnology,USA
STAR,17.94,0.15,0.84,80.0,65.0,73.0,7.0,4.0,11.0,3.0,93.0,1117,0.71,0.49,0.022,0.0953,0.3107999999999999,-0.0233999999999999,2.1847,61.16,17.93,0.0096,-0.0017,iStar Inc.,Real Estate,REIT - Diversified,USA
CPE,37.79,4.99,15.2,98.0,53.0,98.0,13.0,4.0,13.0,3.0,197.0,10041,3.44,3.42,0.1536,0.6297999999999999,1.9138,-0.1118,8.6359,62.01,37.58,0.1151,0.0274,Callon Petroleum Company,Energy,Oil & Gas E&P,USA
NTP,11.94,-0.46,-3.71,87.0,43.0,91.0,9.0,4.0,11.0,1.0,-11.0,195,0.89,0.97,0.0807,0.3243999999999999,0.6097,-0.1621999999999999,2.2732,57.0,11.98,-0.0339,0.0,Nam Tai Property Inc.,Real Estate,Real Estate Services,China
MLI,42.57,-0.26,-0.61,90.0,86.0,73.0,9.0,4.0,8.0,3.0,232.0,927,1.19,1.27,0.0214,0.0897,0.3268999999999999,-0.0512,1.5411,57.8,42.64,-0.0044,0.0,"Mueller Industries, Inc.",Industrials,Metal Fabrication,USA
LCUT,15.84,0.39,2.52,90.0,67.0,85.0,9.0,3.0,11.0,3.0,233.0,171,1.34,0.78,0.1311999999999999,0.1052,0.4209,-0.04,3.8589,66.52,15.84,0.0286,-0.0032,"Lifetime Brands, Inc.",Consumer Cyclical,"Furnishings, Fixtures & Appliances",USA
ZBRA,459.95,-1.16,-0.25,89.0,88.0,80.0,10.0,4.0,3.0,4.0,80.0,695,1.64,15.19,-0.0504,0.0343,0.3734,-0.11,1.8142,46.31,459.95,-0.0056999999999999,0.0032,Zebra Technologies Corporation,Technology,Communication Equipment,USA
MSON,20.06,0.75,3.88,58.0,27.0,79.0,8.0,2.0,10.0,3.0,60.0,104,1.44,1.3,0.0886,0.2282999999999999,0.4551,-0.0312,1.9896,64.51,20.06,0.0496999999999999,-0.0104,"Misonix, Inc.",Healthcare,Medical Devices,USA
SMG,234.75,5.93,2.59,95.0,88.0,80.0,9.0,5.0,9.0,4.0,42.0,595,1.18,9.36,0.0742999999999999,0.042,0.3436,-0.0604,2.1608,59.26,234.89,0.0222,0.0042,The Scotts Miracle-Gro Company,Basic Materials,Agricultural Inputs,USA
MHK,184.21,0.86,0.47,83.0,72.0,86.0,9.0,3.0,9.0,3.0,131.0,1249,1.56,6.68,0.0121,0.1216,0.5342,-0.0458999999999999,2.2451,58.49,183.74,0.0069,-0.0046999999999999,"Mohawk Industries, Inc.",Consumer Cyclical,"Furnishings, Fixtures & Appliances",USA
AGCO,144.01,-3.42,-2.32,96.0,95.0,90.0,10.0,4.0,10.0,3.0,35.0,949,1.35,4.27,0.0814,0.1744,0.6431,-0.0306,3.0653,68.31,143.91,-0.0189,-0.0051,AGCO Corporation,Industrials,Farm & Heavy Construction Machinery,USA
KOPN,11.14,1.5,15.6,96.0,67.0,99.0,12.0,3.0,13.0,4.0,44.0,9273,2.35,1.68,0.168,0.5047999999999999,2.6842,-0.1821,48.5111,59.76,11.14,0.1889,-0.0279999999999999,Kopin Corporation,Technology,Electronic Components,USA
BKE,40.97,0.06,0.15,97.0,75.0,89.0,12.0,5.0,9.0,3.0,43.0,702,1.18,1.64,0.0375999999999999,0.0891,0.6485,-0.0499,2.7116,58.48,40.96,0.0005,0.0007,"The Buckle, Inc.",Consumer Cyclical,Apparel Retail,USA
ARCB,69.81,-0.76,-1.08,95.0,94.0,92.0,7.0,3.0,12.0,3.0,101.0,506,1.86,3.13,0.0586,0.2416,0.7857999999999999,-0.0691,3.3878,61.47,69.81,0.0007,-0.0115,ArcBest Corporation,Industrials,Trucking,USA
DHI,83.71,1.03,1.25,98.0,99.0,71.0,6.0,5.0,8.0,3.0,34.0,4535,1.62,3.33,0.0484999999999999,0.0825,0.1828,-0.0414,2.0301,56.48,83.63,0.0112,0.0002,"D.R. Horton, Inc.",Consumer Cyclical,Residential Construction,USA
MTCH,152.7,5.56,3.78,76.0,33.0,79.0,10.0,5.0,8.0,4.0,2.0,2932,,7.19,0.0001,0.0045,0.22,-0.1258,2.4131,50.16,152.7,0.0326,0.005,"Match Group, Inc.",Communication Services,Internet Content & Information,USA
RCKY,48.87,1.27,2.67,98.0,97.0,90.0,8.0,4.0,11.0,3.0,71.0,84,0.58,1.85,0.1083,0.2895,0.7306999999999999,-0.0060999999999999,2.2667,71.24,48.87,0.0306,-0.0038,"Rocky Brands, Inc.",Consumer Cyclical,Footwear & Accessories,USA
AVNT,50.78,-0.43,-0.84,96.0,68.0,87.0,12.0,4.0,9.0,3.0,173.0,1573,1.66,1.78,0.0838,0.1505,0.5092,-0.021,4.2261,67.83,50.85,-0.0163999999999999,0.0096,Avient Corporation,Basic Materials,Specialty Chemicals,USA
TWI,10.14,0.45,4.64,80.0,52.0,98.0,9.0,1.0,12.0,3.0,75.0,942,2.49,0.78,0.1876,0.3218999999999999,1.4479,-0.0576,8.666699999999999,67.71,10.15,0.0263,0.0206,"Titan International, Inc.",Industrials,Farm & Heavy Construction Machinery,USA
CENT,52.65,0.59,1.13,96.0,95.0,74.0,13.0,4.0,9.0,3.0,180.0,234,0.61,1.67,0.0715,0.1451,0.2941,-0.0083,1.2103,67.65,52.65,0.0174,-0.006,Central Garden & Pet Company,Consumer Defensive,Packaged Foods,USA
PFC,34.12,0.72,2.16,97.0,90.0,86.0,11.0,5.0,13.0,3.0,231.0,481,1.56,1.37,0.06,0.168,0.5937,-0.0494,2.0329,68.3,34.12,0.0333,-0.0113999999999999,Premier Financial Corp.,Financial,Banks - Regional,USA
BWA,49.03,0.87,1.81,82.0,46.0,71.0,11.0,3.0,11.0,3.0,55.0,4281,1.6,1.68,0.0337,0.1084,0.2342,-0.0312,1.6846,58.15,49.02,0.0250999999999999,-0.0070999999999999,BorgWarner Inc.,Consumer Cyclical,Auto Parts,USA
MHO,55.43,0.78,1.43,95.0,99.0,85.0,6.0,5.0,9.0,3.0,37.0,425,2.08,2.82,0.0389,0.0771999999999999,0.246,-0.0605,4.762,54.36,55.43,0.0108,0.0034999999999999,"M/I Homes, Inc.",Consumer Cyclical,Residential Construction,USA
FFIN,48.62,-0.88,-1.78,97.0,90.0,75.0,13.0,5.0,9.0,3.0,426.0,2606,0.91,1.65,0.0279,0.1256,0.4231,-0.0578,1.1812,60.34,48.62,-0.0162,-0.0016,"First Financial Bankshares, Inc.",Financial,Banks - Regional,USA
CNTY,10.57,-0.34,-3.07,93.0,74.0,97.0,11.0,2.0,10.0,3.0,42.0,453,3.1,0.79,0.1603,0.3079,0.7348,-0.2082,9.4653,62.0,10.57,-0.0294,-0.0014,"Century Casinos, Inc.",Consumer Cyclical,Resorts & Casinos,USA
SCHN,41.09,-1.44,-3.39,85.0,60.0,89.0,9.0,2.0,10.0,3.0,194.0,934,1.39,2.22,0.0348,0.1499,0.6464,-0.1231,2.7355,56.1,41.09,-0.0275,-0.0066,"Schnitzer Steel Industries, Inc.",Basic Materials,Steel,USA
PLT,42.0,0.81,1.97,94.0,66.0,96.0,13.0,4.0,9.0,3.0,15.0,726,1.92,3.07,0.0246,0.1146,0.8134999999999999,-0.1761,6.8082,54.51,41.93,0.0219,-0.0039,"Plantronics, Inc.",Technology,Communication Equipment,USA
MLM,332.43,-7.36,-2.17,88.0,93.0,71.0,8.0,4.0,8.0,4.0,-20.0,409,0.65,10.41,-0.0169,0.0417,0.2883,-0.0608,1.3530000000000002,50.93,332.06,-0.016,-0.0069,"Martin Marietta Materials, Inc.",Basic Materials,Building Materials,USA
NNBR,7.93,-0.14,-1.73,76.0,49.0,86.0,9.0,2.0,10.0,3.0,134.0,487,3.45,0.48,0.1137,0.1727,0.3414999999999999,-0.0758,4.8959,62.82,7.93,-0.0088,-0.0087,"NN, Inc.",Industrials,Conglomerates,USA
LEA,183.41,-4.99,-2.65,71.0,53.0,75.0,11.0,2.0,7.0,3.0,101.0,953,1.62,5.52,0.037,0.0959,0.347,-0.0655,1.9019,57.97,183.4,-0.0136,-0.0132,Lear Corporation,Consumer Cyclical,Auto Parts,USA
EXP,130.28,-1.07,-0.81,93.0,88.0,82.0,8.0,5.0,9.0,4.0,51.0,524,1.25,4.21,0.015,0.0815,0.3877,-0.0432,2.1145,57.4,130.28,-0.0056,-0.0025,Eagle Materials Inc.,Basic Materials,Building Materials,USA
MATW,40.43,0.13,0.32,84.0,74.0,82.0,10.0,3.0,9.0,3.0,263.0,505,1.2,1.37,0.0509,0.1644,0.551,-0.0489,1.3768,65.02,40.43,0.0115,-0.0081999999999999,Matthews International Corporation,Industrials,Conglomerates,USA
ADTN,17.86,0.26,1.48,89.0,74.0,82.0,8.0,2.0,12.0,3.0,156.0,837,1.43,0.87,0.0285,0.055,0.3558,-0.0799,2.4346,54.12,17.86,0.0148,0.0,"ADTRAN, Inc.",Technology,Communication Equipment,USA
DAR,71.88,-0.81,-1.11,97.0,78.0,93.0,11.0,4.0,10.0,3.0,72.0,2677,1.09,3.42,0.0118999999999999,0.0467999999999999,0.5889,-0.0977,4.58,50.83,71.87,-0.0113999999999999,0.0001,Darling Ingredients Inc.,Consumer Defensive,Packaged Foods,USA
UHAL,606.03,4.04,0.67,98.0,82.0,82.0,12.0,4.0,13.0,4.0,135.0,123,0.89,19.13,0.0366999999999999,0.1595,0.5082,-0.0255,1.7415,67.65,606.03,0.0087,-0.002,AMERCO,Industrials,Rental & Leasing Services,USA
RCII,60.97,1.13,1.89,98.0,73.0,93.0,12.0,5.0,12.0,3.0,53.0,1043,1.6,2.67,0.0455,0.1766,0.6790999999999999,-0.059,4.2156,60.81,60.97,0.0306,-0.0113999999999999,"Rent-A-Center, Inc.",Industrials,Rental & Leasing Services,USA
BRKS,85.84,2.2,2.63,99.0,94.0,87.0,12.0,4.0,8.0,4.0,98.0,1279,1.96,5.52,0.0327,0.0573,0.4146,-0.0647,2.9675,52.93,85.84,0.03,-0.0036,"Brooks Automation, Inc.",Technology,Semiconductor Equipment & Materials,USA
FCX,34.96,-0.46,-1.3,99.0,74.0,95.0,13.0,3.0,10.0,3.0,-4.0,23386,2.15,1.93,-0.021,0.0751999999999999,0.6855,-0.1051,6.2593,51.98,34.99,0.004,-0.0161,Freeport-McMoRan Inc.,Basic Materials,Copper,USA
KFRC,52.7,-0.43,-0.81,92.0,91.0,76.0,10.0,4.0,10.0,3.0,53.0,179,1.37,1.77,0.0059,0.0998,0.3764,-0.0491,1.4208,58.04,52.7,-0.0017,-0.0064,Kforce Inc.,Industrials,Staffing & Employment Services,USA
SAM,1103.43,43.4,4.09,94.0,93.0,84.0,4.0,5.0,8.0,5.0,39.0,151,0.78,52.4,0.0289,0.0638,0.2526,-0.1058,2.7264,53.87,1105.74,0.0349,0.008,"The Boston Beer Company, Inc.",Consumer Defensive,Beverages - Brewers,USA
AMRX,7.17,0.26,3.76,86.0,72.0,78.0,3.0,5.0,11.0,3.0,13.0,2518,1.32,0.44,0.2669,0.344,0.5414,-0.0204999999999999,1.6854,71.39,7.17,0.0243,0.013,"Amneal Pharmaceuticals, Inc.",Healthcare,Drug Manufacturers - Specialty & Generic,USA
CDMO,18.03,0.08,0.45,85.0,74.0,95.0,7.0,3.0,10.0,4.0,24.0,1065,2.26,1.37,-0.0174,0.0828,0.7613,-0.1853,4.9702,52.46,18.03,0.0045,0.0,"Avid Bioservices, Inc.",Healthcare,Biotechnology,USA
SASR,44.6,1.3,3.0,99.0,92.0,81.0,11.0,5.0,13.0,3.0,438.0,944,1.15,1.32,0.1067,0.1946999999999999,0.5425,0.0002,1.4778,75.1,44.6,0.037,-0.0067,"Sandy Spring Bancorp, Inc.",Financial,Banks - Regional,USA
CNOB,26.45,0.29,1.11,94.0,62.0,81.0,11.0,5.0,11.0,3.0,323.0,619,1.39,1.02,0.0441999999999999,0.1343,0.4826,-0.0634,1.987,63.32,26.45,0.0181,-0.0069,"ConnectOne Bancorp, Inc.",Financial,Banks - Regional,USA
OCFC,25.0,0.15,0.6,83.0,35.0,73.0,11.0,4.0,12.0,3.0,124.0,784,1.0,0.87,0.0769,0.181,0.4307,-0.0295,1.1548,71.91,25.0,0.0146,-0.0085,OceanFirst Financial Corp.,Financial,Banks - Regional,USA
TRQ,16.95,-0.2,-1.2,99.0,68.0,92.0,13.0,4.0,10.0,2.0,-15.0,983,2.16,1.04,0.085,0.2298,0.654,-0.0692,4.2938,61.7,16.94,-0.0059,-0.0064,Turquoise Hill Resources Ltd.,Basic Materials,Copper,Canada
TTEC,94.54,2.66,2.9,92.0,94.0,85.0,5.0,5.0,8.0,3.0,78.0,327,0.83,3.46,0.0865,0.1363,0.5108,-0.0151,2.6165,65.45,94.54,0.0356999999999999,-0.0065,"TTEC Holdings, Inc.",Technology,Information Technology Services,USA
CSV,36.82,0.01,0.03,94.0,81.0,80.0,10.0,5.0,7.0,3.0,254.0,377,0.82,1.06,0.0536,0.0613,0.3977,-0.0038,1.7194,61.85,36.82,0.0,0.0003,"Carriage Services, Inc.",Consumer Cyclical,Personal Services,USA
HIBB,76.04,4.34,6.05,97.0,84.0,97.0,10.0,5.0,8.0,2.0,12.0,572,1.8,4.51,0.1497,0.2546,0.8439,0.0003,9.3738,67.16,76.04,0.0708,-0.0096,"Hibbett Sports, Inc.",Consumer Cyclical,Specialty Retail,USA
UNFI,34.73,1.62,4.89,91.0,72.0,92.0,9.0,3.0,12.0,3.0,5.0,1754,1.24,2.57,0.126,0.2883,0.7343000000000001,-0.1525,3.2343,60.99,35.06,0.0562999999999999,0.0024,"United Natural Foods, Inc.",Consumer Defensive,Food Distribution,USA
STLD,47.19,-0.16,-0.34,94.0,84.0,78.0,12.0,3.0,7.0,3.0,193.0,6540,1.44,1.88,0.04,0.1434,0.3999,-0.0542999999999999,2.1439,60.01,47.19,0.0004,-0.0038,"Steel Dynamics, Inc.",Basic Materials,Steel,USA
LAD,395.14,-5.12,-1.28,95.0,97.0,94.0,9.0,4.0,7.0,4.0,109.0,651,1.89,16.58,0.03,0.1036999999999999,0.486,-0.054,5.5922,57.38,395.4,-0.0165,0.0044,"Lithia Motors, Inc.",Consumer Cyclical,Auto & Truck Dealerships,USA
HLIO,74.19,0.29,0.39,92.0,80.0,81.0,7.0,4.0,12.0,3.0,179.0,298,1.17,2.51,0.0644,0.1777,0.5643,-0.0237999999999999,1.5559,71.03,74.19,0.0127,-0.0087,"Helios Technologies, Inc.",Industrials,Specialty Industrial Machinery,USA
VCEL,59.48,6.41,12.1,90.0,58.0,97.0,7.0,3.0,11.0,3.0,1008.0,10493,2.15,3.76,0.2866,0.3465999999999999,1.3154,0.0824,7.7729,73.22,59.48,0.1141,0.006,Vericel Corporation,Healthcare,Biotechnology,USA
KMX,133.34,-1.22,-0.91,88.0,90.0,79.0,9.0,4.0,10.0,4.0,-24.0,987,1.67,3.67,0.0583,0.102,0.3012,-0.0233999999999999,2.2098,63.81,133.24,-0.0087,-0.0011,"CarMax, Inc.",Consumer Cyclical,Auto & Truck Dealerships,USA
ANDE,28.76,0.19,0.66,53.0,33.0,73.0,4.0,3.0,9.0,3.0,285.0,682,0.71,1.35,0.0334,0.0933,0.3958,-0.0670999999999999,1.6027,55.84,28.76,0.0067,0.0,"The Andersons, Inc.",Consumer Defensive,Food Distribution,USA
QRVO,179.85,3.77,2.14,98.0,94.0,73.0,10.0,5.0,9.0,4.0,-10.0,1329,1.42,7.95,0.0333,0.0253,0.2537,-0.0624,1.6628999999999998,53.82,179.85,0.0191,0.0023,"Qorvo, Inc.",Technology,Semiconductors,USA
PPBI,45.7,-0.07,-0.15,97.0,34.0,88.0,13.0,4.0,12.0,3.0,137.0,1221,1.41,1.57,0.0717,0.1886,0.6448999999999999,-0.0308,2.2807,72.25,45.7,0.0368,-0.0369,"Pacific Premier Bancorp, Inc.",Financial,Banks - Regional,USA
IESC,48.46,1.54,3.28,91.0,93.0,82.0,5.0,4.0,9.0,3.0,358.0,200,1.37,2.23,-0.0023,0.0044,0.3443,-0.1236999999999999,2.4763,50.11,48.46,0.0297,0.003,"IES Holdings, Inc.",Industrials,Engineering & Construction,USA
CRAI,71.51,3.58,5.27,92.0,87.0,84.0,6.0,4.0,11.0,3.0,333.0,155,1.54,3.05,0.1215,0.2001,0.5229,-0.0247,2.1825,65.9,71.51,0.0482,0.0043,"CRA International, Inc.",Industrials,Consulting Services,USA
AMKR,23.97,0.86,3.72,98.0,94.0,90.0,10.0,5.0,9.0,3.0,9.0,2624,1.68,1.51,0.0516,0.1838,0.6263000000000001,-0.0806,3.4389,59.88,23.97,0.0431,-0.0056,"Amkor Technology, Inc.",Technology,Semiconductors,USA
AXTI,13.11,0.42,3.31,99.0,74.0,94.0,12.0,3.0,10.0,3.0,55.0,886,2.44,1.13,0.0092,0.0789,0.6746,-0.1723,5.8639,53.17,13.11,0.0405,-0.0070999999999999,"AXT, Inc.",Technology,Semiconductor Equipment & Materials,USA
SNBR,143.83,6.23,4.53,96.0,99.0,96.0,10.0,5.0,11.0,3.0,104.0,1093,2.08,9.24,0.057,0.2185,1.0093,-0.0503,8.4191,61.71,143.83,0.0509,-0.0053,Sleep Number Corporation,Consumer Cyclical,"Furnishings, Fixtures & Appliances",USA
GGB,5.17,0.1,1.97,85.0,68.0,76.0,12.0,2.0,9.0,2.0,87.0,14849,1.55,0.23,0.0762999999999999,0.0987,0.3136,-0.0503,2.1701,61.8,5.17,0.0019,0.0178,Gerdau S.A.,Basic Materials,Steel,Brazil
INFY,18.74,0.36,1.96,87.0,77.0,79.0,7.0,5.0,9.0,1.0,93.0,17270,0.89,0.43,0.0276,0.0399,0.2927,-0.032,1.7737,55.55,18.75,0.0102,0.0098,Infosys Limited,Technology,Information Technology Services,India
MKSI,172.24,0.5,0.29,99.0,95.0,73.0,12.0,5.0,10.0,4.0,-9.0,482,1.6,9.47,0.0378,0.0299,0.2878,-0.1043,1.4827,53.88,172.24,-0.0025,0.0054,"MKS Instruments, Inc.",Technology,Scientific & Technical Instruments,USA
ATLC,29.85,0.04,0.13,84.0,75.0,93.0,11.0,2.0,10.0,3.0,39.0,79,1.05,2.09,0.0104,0.0756,0.7643000000000001,-0.1221,4.97,52.14,29.85,0.0034,-0.002,Atlanticus Holdings Corporation,Financial,Credit Services,USA
WCC,90.96,1.3,1.45,81.0,67.0,92.0,7.0,4.0,7.0,3.0,34.0,701,2.5,4.34,0.0516,0.0814,0.5639,-0.044,5.2715,57.47,91.0,0.0070999999999999,0.0078,"WESCO International, Inc.",Industrials,Industrial Distribution,USA
PWFL,8.63,-0.13,-1.48,41.0,4.0,78.0,9.0,3.0,9.0,4.0,132.0,603,1.88,0.57,0.0196,0.0484,0.3336,-0.0963,2.3843,52.7,8.63,-0.016,0.0011,"PowerFleet, Inc.",Technology,Communication Equipment,USA
PRFT,61.66,0.27,0.44,94.0,92.0,74.0,7.0,5.0,10.0,3.0,11.0,323,1.51,1.83,0.0535,0.0915,0.354,-0.0298,1.8746,62.75,61.66,0.0031,0.0013,"Perficient, Inc.",Technology,Information Technology Services,USA
MFC,21.71,-0.13,-0.6,80.0,70.0,74.0,5.0,4.0,11.0,1.0,-13.0,3160,1.41,0.46,0.0419,0.1005,0.3417,-0.0237999999999999,1.4598,66.59,21.72,-0.0037,-0.0018,Manulife Financial Corporation,Financial,Insurance - Life,Canada
MET,61.3,-0.46,-0.74,81.0,89.0,79.0,5.0,3.0,9.0,2.0,98.0,12184,1.34,1.58,0.0336,0.1217999999999999,0.3953,-0.0219,1.6823,63.72,61.29,-0.0066,-0.001,"MetLife, Inc.",Financial,Insurance - Life,USA
CAMT,28.8,0.0,0.0,98.0,95.0,91.0,7.0,5.0,8.0,4.0,-10.0,266,1.66,1.94,0.0056999999999999,0.0803,0.5138,-0.1138,3.2985,51.77,28.8,0.0034999999999999,-0.0034999999999999,Camtek Ltd.,Technology,Semiconductor Equipment & Materials,Israel
NVMI,85.52,0.92,1.09,96.0,85.0,83.0,12.0,5.0,6.0,4.0,-32.0,113,1.14,3.89,0.0195,0.0692,0.3824,-0.0501,2.1958,54.57,85.52,0.0102,0.0007,Nova Measuring Instruments Ltd.,Technology,Semiconductor Equipment & Materials,Israel
RBBN,8.71,0.2,2.29,86.0,60.0,90.0,13.0,4.0,6.0,3.0,71.0,1637,1.2,0.55,0.0158,0.0417,0.5522,-0.2257999999999999,3.355,52.01,8.71,0.0081,0.0147,Ribbon Communications Inc.,Communication Services,Telecom Services,USA
CRL,286.86,-1.42,-0.49,90.0,92.0,75.0,6.0,5.0,9.0,4.0,41.0,445,1.12,9.19,0.0116999999999999,0.0318,0.2337999999999999,-0.0562999999999999,1.9994,53.56,286.68,-0.0045,-0.001,"Charles River Laboratories International, Inc.",Healthcare,Diagnostics & Research,USA
ACLS,38.47,-0.2,-0.52,97.0,92.0,80.0,12.0,5.0,11.0,3.0,30.0,587,1.42,2.27,-0.0037,0.0266,0.3349,-0.1296,1.9615,49.88,38.47,-0.0191,0.0141999999999999,"Axcelis Technologies, Inc.",Technology,Semiconductor Equipment & Materials,USA
ENTG,102.87,1.26,1.24,97.0,95.0,76.0,12.0,5.0,8.0,4.0,-24.0,736,1.28,5.15,-0.004,0.0017,0.2528,-0.0977,1.6986,50.4,102.87,0.0063,0.0060999999999999,"Entegris, Inc.",Technology,Semiconductor Equipment & Materials,USA
BG,78.26,-0.27,-0.34,94.0,82.0,79.0,11.0,4.0,10.0,3.0,-8.0,1449,0.68,2.51,-0.0017,0.0562999999999999,0.3899,-0.0504,1.6959,53.52,78.18,-0.0079,0.0034,Bunge Limited,Consumer Defensive,Farm Products,USA
UCBI,35.83,0.41,1.16,97.0,73.0,79.0,13.0,5.0,13.0,3.0,212.0,1486,1.34,1.18,0.033,0.0933,0.5043,-0.0229,1.3966999999999998,62.71,35.83,0.0557,-0.0418,"United Community Banks, Inc.",Financial,Banks - Regional,USA
BGFV,17.1,1.28,8.09,96.0,76.0,99.0,10.0,4.0,10.0,2.0,66.0,1734,2.95,1.27,0.1636,0.2264999999999999,1.0526,0.016,25.3077,65.75,17.1,0.092,-0.0101,Big 5 Sporting Goods Corporation,Consumer Cyclical,Specialty Retail,USA
ESGR,261.0,-5.43,-2.04,91.0,79.0,75.0,6.0,5.0,10.0,3.0,272.0,155,0.74,7.9,0.0778,0.1677,0.3853,-0.0302,1.7182,65.77,261.0,-0.0133,-0.0072,Enstar Group Limited,Financial,Insurance - Diversified,Bermuda
SWBI,18.7,0.19,1.03,89.0,74.0,75.0,9.0,5.0,6.0,3.0,-28.0,1627,0.92,1.05,0.0493,0.0216,0.0965,-0.2066,2.5648,55.68,18.7,0.0158,-0.0054,"Smith & Wesson Brands, Inc.",Industrials,Aerospace & Defense,USA
PFS,23.05,0.05,0.22,86.0,62.0,79.0,11.0,4.0,9.0,3.0,202.0,1131,1.04,0.76,0.06,0.1384,0.4581,-0.0479,1.5459,64.8,23.04,0.0096,-0.0078,"Provident Financial Services, Inc.",Financial,Banks - Regional,USA
HTLF,51.89,0.03,0.06,88.0,71.0,71.0,11.0,4.0,12.0,3.0,248.0,776,1.36,1.64,0.0434,0.1108,0.3781,-0.0397,1.0546,65.45,51.89,0.0052,-0.0046,"Heartland Financial USA, Inc.",Financial,Banks - Regional,USA
XPER,24.46,0.42,1.75,97.0,74.0,78.0,6.0,5.0,13.0,3.0,209.0,2084,0.78,0.9,0.0815,0.1263,0.4633,-0.0227999999999999,1.411,65.75,24.46,0.0233999999999999,-0.0058,Xperi Holding Corporation,Technology,Semiconductor Equipment & Materials,USA
SNX,103.13,-0.43,-0.41,92.0,93.0,89.0,8.0,4.0,8.0,3.0,138.0,789,1.71,3.26,0.0853999999999999,0.1392,0.4042,-0.0453,2.4898,68.0,103.2,0.0002,-0.0037,SYNNEX Corporation,Technology,Information Technology Services,USA
TPX,39.48,1.24,3.24,98.0,89.0,92.0,6.0,5.0,11.0,3.0,44.0,3293,2.07,1.6,0.0988,0.2451,0.6189,-0.0152,6.1764,70.18,39.47,0.0324,-0.0003,"Tempur Sealy International, Inc.",Consumer Cyclical,"Furnishings, Fixtures & Appliances",USA
PIPR,112.55,-0.66,-0.58,96.0,92.0,82.0,11.0,5.0,6.0,3.0,160.0,201,1.38,4.33,0.0177,0.083,0.3586,-0.0882,2.599,54.99,113.09,0.004,-0.005,Piper Sandler Companies,Financial,Capital Markets,USA
ONCT,9.0,0.64,7.66,82.0,48.0,95.0,7.0,2.0,12.0,4.0,10.0,1781,1.7,0.88,0.312,0.4058,1.4053,-0.0475999999999999,5.040299999999999,65.84,9.0,0.0429,0.0323,"Oncternal Therapeutics, Inc.",Healthcare,Biotechnology,USA
TBBK,23.6,0.52,2.25,99.0,96.0,95.0,11.0,4.0,12.0,3.0,215.0,1621,1.48,1.22,0.0706,0.2229,0.8922,-0.0375,6.0238,63.11,23.6,0.0194,0.003,"The Bancorp, Inc.",Financial,Banks - Regional,USA
DVAX,10.03,0.28,2.87,76.0,55.0,90.0,7.0,2.0,11.0,4.0,29.0,8760,1.25,0.77,0.0892,0.2418,0.5485,-0.1937,2.8651,58.87,10.03,0.0152,0.0133,Dynavax Technologies Corporation,Healthcare,Biotechnology,USA
UCTT,52.73,0.26,0.5,98.0,97.0,93.0,12.0,5.0,10.0,3.0,38.0,738,2.08,3.79,0.0742,0.1707999999999999,0.7265999999999999,-0.1125999999999999,3.4724,57.09,52.73,-0.0075,0.0126,"Ultra Clean Holdings, Inc.",Technology,Semiconductor Equipment & Materials,USA
ABR,16.63,0.36,2.21,92.0,85.0,82.0,7.0,5.0,10.0,4.0,44.0,1927,1.93,0.55,0.0134,0.0791999999999999,0.3339999999999999,-0.0326,3.3995,56.52,16.63,-0.0072,0.0295,"Arbor Realty Trust, Inc.",Real Estate,REIT - Mortgage,USA
XPO,124.75,-1.55,-1.23,72.0,71.0,77.0,4.0,3.0,7.0,4.0,148.0,2721,2.19,4.7,0.0401999999999999,0.0411,0.2585,-0.0508,2.2428,55.37,124.75,-0.0149,0.0027,"XPO Logistics, Inc.",Industrials,Integrated Freight & Logistics,USA
CVGI,10.04,0.09,0.91,60.0,34.0,95.0,6.0,2.0,9.0,3.0,48.0,388,3.61,0.6,0.0302,0.0834999999999999,0.6136,-0.0599,7.096799999999999,57.08,10.04,0.009,0.0,"Commercial Vehicle Group, Inc.",Consumer Cyclical,Auto Parts,USA
BXC,39.81,0.72,1.84,91.0,74.0,97.0,5.0,5.0,9.0,4.0,75.0,243,1.8,2.63,-0.0042,0.0162,0.6417,-0.147,10.0778,51.4,39.88,0.0353,-0.0146,BlueLinx Holdings Inc.,Industrials,Building Products & Equipment,USA
EFSC,49.38,0.23,0.47,94.0,77.0,75.0,11.0,5.0,13.0,3.0,123.0,310,1.43,1.67,0.0676,0.1992,0.4636,-0.0504,1.2755,66.61,49.38,0.0118999999999999,-0.0070999999999999,Enterprise Financial Services Corp,Financial,Banks - Regional,USA
AX,52.16,-0.19,-0.36,96.0,94.0,90.0,11.0,5.0,9.0,3.0,168.0,893,1.78,1.67,0.0679,0.1614,0.6686,-0.0412,2.8085000000000004,70.8,52.12,-0.0006,-0.0038,"Axos Financial, Inc.",Financial,Banks - Regional,USA
CTRN,95.09,4.72,5.22,99.0,74.0,98.0,12.0,4.0,13.0,3.0,146.0,563,1.75,5.67,0.1553999999999999,0.3639,1.5807,-0.004,13.1925,73.37,95.09,0.059,-0.0064,"Citi Trends, Inc.",Consumer Cyclical,Apparel Retail,USA
BLDR,45.9,0.22,0.48,99.0,96.0,87.0,9.0,5.0,11.0,3.0,105.0,4429,2.45,1.91,0.0385,0.0855,0.3839,-0.0385,3.6885,56.67,45.9,0.0098999999999999,-0.005,"Builders FirstSource, Inc.",Industrials,Building Products & Equipment,USA
EGLE,37.77,0.85,2.3,82.0,32.0,91.0,13.0,1.0,13.0,3.0,177.0,321,1.46,2.58,0.1202999999999999,0.3939999999999999,0.9221,-0.0766,3.2486,70.41,37.77,0.017,0.006,Eagle Bulk Shipping Inc.,Industrials,Marine Shipping,USA
SIMO,63.29,-1.12,-1.74,80.0,53.0,75.0,11.0,4.0,10.0,3.0,16.0,682,1.07,2.66,0.0279999999999999,0.1151,0.4018,-0.065,1.1897,55.4,63.29,-0.0207,0.0034,Silicon Motion Technology Corporation,Technology,Semiconductors,Hong Kong
WAL,99.65,0.95,0.96,99.0,93.0,94.0,13.0,5.0,13.0,3.0,119.0,1833,1.69,3.92,0.047,0.2221,0.9191,-0.0356999999999999,3.7679,70.5,99.65,0.0392,-0.0285,Western Alliance Bancorporation,Financial,Banks - Regional,USA
CF,48.21,-0.14,-0.29,62.0,23.0,73.0,9.0,3.0,10.0,3.0,-21.0,1858,1.3,2.14,0.0072,0.0637,0.3581,-0.0599,1.359,53.21,48.17,0.0006,-0.0043,"CF Industries Holdings, Inc.",Basic Materials,Agricultural Inputs,USA
ATCO,14.45,0.25,1.76,80.0,35.0,79.0,8.0,4.0,10.0,2.0,72.0,1467,1.15,0.55,0.0355,0.143,0.4575,-0.0236,1.4459,62.91,14.48,0.0204,-0.0007,Atlas Corp.,Financial,Asset Management,Canada
TROX,18.03,-0.45,-2.44,64.0,34.0,90.0,9.0,4.0,3.0,3.0,-14.0,1550,2.68,1.05,-0.0364,0.0258,0.5429999999999999,-0.1559,3.5416000000000003,48.28,18.03,-0.0301,0.006,Tronox Holdings plc,Basic Materials,Chemicals,USA
TX,37.1,0.83,2.29,99.0,97.0,87.0,12.0,3.0,13.0,1.0,108.0,1191,1.33,1.72,0.0852999999999999,0.1830999999999999,0.6117,-0.0226,2.8707,65.36,37.12,0.0187,0.0046999999999999,Ternium S.A.,Basic Materials,Steel,Luxembourg
CROX,77.21,-0.66,-0.85,97.0,99.0,95.0,8.0,5.0,5.0,4.0,85.0,1983,1.81,3.9,-0.0242,0.0083,0.4367,-0.1064,6.9762,47.62,77.21,-0.0054,-0.0031,"Crocs, Inc.",Consumer Cyclical,Footwear & Accessories,USA
LQDT,19.88,0.02,0.1,82.0,74.0,94.0,7.0,2.0,4.0,3.0,113.0,864,1.16,1.23,0.1235999999999999,0.0939,0.804,-0.1017,5.6047,62.0,19.88,0.0045,-0.0034999999999999,"Liquidity Services, Inc.",Consumer Cyclical,Internet Retail,USA
PRTK,7.9,0.05,0.64,60.0,45.0,75.0,7.0,2.0,9.0,3.0,9.0,475,1.59,0.49,0.0444,0.0925,0.3586,-0.0971,1.9811,57.61,7.9,0.0167,-0.0102,"Paratek Pharmaceuticals, Inc.",Healthcare,Biotechnology,USA
QRTEA,12.51,-0.32,-2.49,83.0,85.0,94.0,4.0,5.0,8.0,2.0,42.0,5916,1.94,0.66,-0.0009,0.0053,0.4457,-0.0908,3.9051,49.37,12.51,-0.0204,-0.0046999999999999,"Qurate Retail, Inc.",Consumer Cyclical,Internet Retail,USA
ATEC,18.29,0.56,3.13,68.0,21.0,97.0,7.0,2.0,11.0,4.0,109.0,1402,1.66,1.06,0.1026,0.1714,0.88,-0.0183,7.351599999999999,66.32,18.29,0.0224,0.0087,"Alphatec Holdings, Inc.",Healthcare,Medical Devices,USA
FBMS,37.88,0.89,2.41,96.0,60.0,78.0,13.0,5.0,11.0,3.0,410.0,283,1.14,1.26,0.0832,0.1423,0.4465,-0.0133,1.4807,72.73,37.88,0.0293,-0.0051,"The First Bancshares, Inc.",Financial,Banks - Regional,USA
PGTI,25.86,-0.1,-0.39,94.0,92.0,82.0,9.0,4.0,9.0,3.0,131.0,545,1.52,0.87,0.0419,0.1066,0.3515,-0.0365,2.7602,60.8,25.87,-0.0088,0.0054,"PGT Innovations, Inc.",Industrials,Building Products & Equipment,USA
EVR,137.26,-1.34,-0.97,97.0,89.0,90.0,11.0,5.0,12.0,3.0,130.0,1199,1.73,5.0,0.0663,0.1344999999999999,0.6114,-0.0467,3.1323000000000003,63.66,137.4,-0.0364,0.0288,Evercore Inc.,Financial,Capital Markets,USA
CVLT,64.83,0.19,0.29,97.0,86.0,74.0,12.0,4.0,10.0,3.0,121.0,854,0.71,2.31,-0.0092,0.0165,0.3371,-0.1036999999999999,1.3703999999999998,48.66,64.83,0.0092,-0.0062,"Commvault Systems, Inc.",Technology,Software - Application,USA
DAC,53.58,4.4,8.95,97.0,45.0,99.0,13.0,5.0,12.0,2.0,25.0,838,1.85,3.84,0.2447,0.5019,2.5194,0.0036,20.34,74.2,53.35,0.0611,0.0224,Danaos Corporation,Industrials,Marine Shipping,Greece
LMAT,47.85,-0.26,-0.54,87.0,93.0,77.0,7.0,5.0,7.0,3.0,81.0,245,1.33,2.63,-0.0083,0.0174,0.3374,-0.1294,1.5506,50.74,47.85,-0.0146,0.0093999999999999,"LeMaitre Vascular, Inc.",Healthcare,Medical Instruments & Supplies,USA
SONA,15.46,-0.22,-1.4,91.0,63.0,73.0,13.0,4.0,11.0,2.0,245.0,299,1.14,0.51,0.0286,0.1369,0.4338,-0.0527,1.0396,63.29,15.46,-0.0032,-0.0108,"Southern National Bancorp of Virginia, Inc.",Financial,Banks - Regional,USA
ALLT,15.21,-0.08,-0.52,79.0,62.0,73.0,5.0,3.0,12.0,1.0,-50.0,215,0.56,0.86,-0.0046999999999999,0.0405,0.3289999999999999,-0.1244,1.34,50.75,15.21,-0.0091,0.0039,Allot Ltd.,Technology,Communication Equipment,Israel
AVAV,119.46,0.12,0.1,92.0,95.0,81.0,9.0,5.0,8.0,3.0,67.0,493,0.39,7.55,0.0393,0.0112,0.3707999999999999,-0.1687999999999999,1.3891,52.75,119.46,-0.0039,0.0049,"AeroVironment, Inc.",Industrials,Aerospace & Defense,USA
EXK,5.72,-0.23,-3.87,75.0,74.0,93.0,1.0,3.0,4.0,1.0,178.0,15446,1.41,0.44,-0.0496,0.0636,0.4426,-0.1707999999999999,4.1161,49.19,5.73,-0.0305,-0.0067,Endeavour Silver Corp.,Basic Materials,Silver,Canada
AVNW,64.64,2.64,4.26,99.0,98.0,97.0,13.0,4.0,9.0,4.0,-23.0,186,2.17,5.67,0.0384,0.2653,1.1255,-0.127,8.1012,58.11,64.6,0.0259,0.0156,"Aviat Networks, Inc.",Technology,Communication Equipment,USA
CENTA,47.71,0.89,1.9,95.0,94.0,72.0,13.0,4.0,8.0,3.0,165.0,592,,1.61,0.074,0.1382,0.2788,-0.0203,1.2027,66.28,47.71,0.0187999999999999,0.0002,Central Garden & Pet Company,Consumer Defensive,Packaged Foods,USA
GLUU,12.44,0.02,0.16,82.0,73.0,71.0,3.0,4.0,8.0,3.0,-50.0,2826,1.09,0.11,-0.0042,0.1316,0.3521,-0.0394,1.2618,65.02,12.44,0.0,0.0016,Glu Mobile Inc.,Communication Services,Electronic Gaming & Multimedia,USA
IBKR,78.46,0.43,0.55,91.0,83.0,78.0,11.0,4.0,7.0,3.0,-14.0,785,0.7,2.55,0.0306999999999999,0.0899,0.4068,-0.0262,1.3281999999999998,61.97,78.46,0.0072,-0.0017,"Interactive Brokers Group, Inc.",Financial,Capital Markets,USA
CAI,45.53,0.64,1.43,98.0,92.0,90.0,12.0,4.0,11.0,3.0,33.0,298,1.58,2.92,0.009,0.1718,0.6164000000000001,-0.0922,2.7888,57.43,45.58,0.0151,0.0002,"CAI International, Inc.",Industrials,Rental & Leasing Services,USA
GRBK,22.88,0.39,1.73,94.0,98.0,83.0,6.0,5.0,8.0,3.0,127.0,1870,1.25,1.05,0.0996,0.0816,0.2673999999999999,-0.0866,3.042,63.36,22.88,0.0039,0.0133,"Green Brick Partners, Inc.",Consumer Cyclical,Residential Construction,USA
RIOT,60.65,0.46,0.76,84.0,45.0,99.0,10.0,2.0,13.0,4.0,-46.0,17716,4.6,9.54,0.1205,0.5366,3.5357,-0.2371,95.2698,57.28,60.65,-0.0062,0.0139999999999999,"Riot Blockchain, Inc.",Technology,Software - Application,USA
ENSG,89.74,0.94,1.06,94.0,92.0,82.0,10.0,5.0,8.0,3.0,180.0,768,1.03,3.4,0.0554,0.0582,0.4017,-0.0298,2.1943,59.23,89.74,0.0066,0.0039,"The Ensign Group, Inc.",Healthcare,Medical Care Facilities,USA
SCU,21.56,0.18,0.84,79.0,77.0,83.0,8.0,,12.0,4.0,-9.0,213,1.5,1.2,-0.013,0.1003,0.4635,-0.1794,1.378,54.45,21.64,0.0069999999999999,0.0051,"Sculptor Capital Management, Inc.",Financial,Asset Management,USA
GTS,27.07,0.06,0.22,68.0,33.0,76.0,3.0,4.0,12.0,3.0,354.0,424,0.79,1.0,0.0348,0.1075,0.2874,-0.0576,1.9479,59.11,27.18,0.0040999999999999,0.0022,Triple-S Management Corporation,Healthcare,Healthcare Plans,USA
HI,50.49,-0.82,-1.6,95.0,85.0,85.0,10.0,5.0,9.0,3.0,300.0,1534,1.58,1.57,0.036,0.1033,0.4416,-0.0443,2.7105,60.62,50.5,-0.0129,-0.0029,"Hillenbrand, Inc.",Industrials,Specialty Industrial Machinery,USA
ERII,18.37,-0.58,-3.06,92.0,87.0,87.0,7.0,4.0,9.0,3.0,215.0,1327,1.21,0.98,0.0501,0.1691,0.685,-0.0928,2.0065,58.42,18.37,-0.0316,0.0011,"Energy Recovery, Inc.",Industrials,Pollution & Treatment Controls,USA
MYRG,71.66,-1.15,-1.58,91.0,95.0,89.0,5.0,4.0,9.0,3.0,180.0,371,1.08,2.76,0.1016,0.145,0.5413,-0.0476999999999999,3.3039,62.6,71.66,-0.0158,0.0,MYR Group Inc.,Industrials,Engineering & Construction,USA
HCI,73.03,-0.8,-1.08,57.0,32.0,75.0,6.0,4.0,9.0,3.0,7.0,99,0.74,3.21,0.0655999999999999,0.1916,0.3829,-0.0874,1.3097,62.28,73.01,-0.0155,0.0045,"HCI Group, Inc.",Financial,Insurance - Property & Casualty,USA
HBCP,38.5,1.58,4.28,91.0,83.0,71.0,11.0,4.0,13.0,4.0,378.0,101,0.79,1.28,0.0994999999999999,0.1896999999999999,0.3937,-0.0189,1.0732,70.53,38.5,0.0508,-0.0076,"Home Bancorp, Inc.",Financial,Banks - Regional,USA
VRTS,256.33,1.3,0.51,96.0,90.0,89.0,8.0,5.0,4.0,3.0,81.0,94,1.57,10.77,0.0118,0.0615,0.4629,-0.0506,3.6294,54.41,256.33,0.0141,-0.0089,"Virtus Investment Partners, Inc.",Financial,Asset Management,USA
SEM,35.11,-1.13,-3.12,93.0,96.0,87.0,8.0,4.0,9.0,3.0,182.0,1915,1.4,1.33,0.0798,0.1744,0.531,-0.0625,2.3032,63.72,35.08,-0.0296,-0.0025,Select Medical Holdings Corporation,Healthcare,Medical Care Facilities,USA
GNRC,307.66,0.7,0.23,97.0,95.0,90.0,8.0,5.0,5.0,4.0,756.0,8124,0.94,18.5,-0.0573,0.0368,0.4634,-0.1604,3.0481,47.16,305.63,-0.0027,-0.0016,Generac Holdings Inc.,Industrials,Specialty Industrial Machinery,USA
CALX,45.93,-0.86,-1.84,93.0,74.0,96.0,5.0,5.0,8.0,4.0,19.0,1111,1.6,2.43,0.0935999999999999,0.2405,0.8458,-0.0584,7.187200000000001,64.52,45.93,-0.0207,0.0024,"Calix, Inc.",Technology,Software - Application,USA
MXL,36.66,0.41,1.14,90.0,73.0,86.0,6.0,5.0,9.0,4.0,13.0,940,2.07,2.58,-0.0161,0.0197,0.2845,-0.1669,3.6871,50.82,36.7,0.008,0.0044,"MaxLinear, Inc.",Technology,Semiconductors,USA
AOSL,34.88,0.56,1.63,93.0,97.0,96.0,6.0,4.0,3.0,3.0,155.0,975,2.7,2.99,-0.0149,0.0489,0.7368000000000001,-0.1888,4.9931,50.4,34.88,0.0178,-0.0015,Alpha and Omega Semiconductor Limited,Technology,Semiconductors,USA
GNMK,24.04,0.18,0.75,82.0,54.0,92.0,8.0,3.0,9.0,3.0,229.0,8644,3.07,1.62,0.1942,0.3552,0.6136,0.0017,6.133500000000001,70.56,24.04,0.0075,0.0,"GenMark Diagnostics, Inc.",Healthcare,Medical Devices,USA
MX,22.5,0.75,3.45,86.0,53.0,88.0,10.0,3.0,12.0,4.0,35.0,1260,1.01,1.42,0.0737,0.1685,0.5722999999999999,-0.1048,2.0993,58.54,22.47,0.019,0.0138,MagnaChip Semiconductor Corporation,Technology,Semiconductors,Luxembourg
KKR,48.2,0.39,0.82,89.0,77.0,74.0,8.0,5.0,8.0,3.0,-12.0,2599,1.38,1.16,0.0253,0.0882,0.2747,-0.0319,1.9036,60.83,48.2,0.0121999999999999,-0.004,KKR & Co. Inc.,Financial,Asset Management,USA
NXPI,202.04,3.45,1.74,66.0,39.0,81.0,6.0,2.0,10.0,4.0,853.0,39650,1.47,9.49,0.0874,0.1166,0.3999,-0.036,2.2044,58.75,202.04,0.0287,-0.011,NXP Semiconductors N.V.,Technology,Semiconductors,Netherlands
AMRS,20.82,1.13,5.74,91.0,55.0,99.0,12.0,,13.0,3.0,-3.0,5013,1.2,2.38,0.1789,0.5097,2.3917,-0.111,10.104,61.12,20.82,0.0569,0.0005,"Amyris, Inc.",Basic Materials,Specialty Chemicals,USA
LPLA,146.29,2.12,1.47,94.0,74.0,87.0,11.0,5.0,9.0,4.0,22.0,826,1.27,3.99,0.067,0.1595,0.5442,0.0018,2.9362,71.35,146.29,0.0105,0.0042,LPL Financial Holdings Inc.,Financial,Capital Markets,USA
WD,102.4,-5.56,-5.15,97.0,95.0,83.0,12.0,5.0,7.0,3.0,150.0,502,1.32,4.75,-0.0116,0.0599,0.4527,-0.0996,3.1735,50.22,102.46,-0.0424,-0.0089,"Walker & Dunlop, Inc.",Financial,Mortgage Finance,USA
INFU,21.85,-0.33,-1.49,87.0,74.0,86.0,4.0,5.0,10.0,3.0,145.0,276,0.94,1.04,0.1639999999999999,0.1963,0.4715,-0.0546,3.1806,70.15,21.99,-0.0095,0.0009,InfuSystem Holdings Inc.,Healthcare,Medical Instruments & Supplies,USA
AGRO,8.64,0.01,0.12,91.0,96.0,80.0,11.0,4.0,10.0,3.0,81.0,860,1.34,0.33,0.0187,0.0675,0.4818,-0.1036999999999999,1.6103,58.46,8.64,0.0046999999999999,-0.0034999999999999,Adecoagro S.A.,Consumer Defensive,Farm Products,Luxembourg
FDUS,15.6,0.35,2.3,88.0,74.0,77.0,8.0,5.0,10.0,5.0,13.0,179,,0.42,0.0383,0.1094,0.3667,-0.0081999999999999,2.5315,67.24,15.6,0.023,0.0,Fidus Investment Corporation,Financial,Asset Management,USA
HZNP,89.58,1.43,1.62,95.0,89.0,83.0,7.0,5.0,9.0,4.0,114.0,4338,1.14,4.05,-0.0008,0.0594,0.2319999999999999,-0.0721,2.7325,52.31,89.58,0.0054,0.0108,Horizon Therapeutics Public Limited Company,Healthcare,Drug Manufacturers - General,Ireland
BCOV,21.84,-0.01,-0.05,94.0,73.0,91.0,10.0,5.0,8.0,3.0,27.0,449,0.95,1.38,-0.0216,0.0911999999999999,0.5913,-0.1354,2.727,51.72,21.84,-0.0032,0.0027,Brightcove Inc.,Technology,Software - Application,USA
MTSI,63.24,1.35,2.18,98.0,74.0,88.0,10.0,5.0,12.0,4.0,22.0,615,2.33,3.86,-0.0163,0.0034,0.4074,-0.0873,3.2076,49.25,63.24,0.0216,0.0002,"MACOM Technology Solutions Holdings, Inc.",Technology,Semiconductors,USA
VIPS,45.42,0.96,2.16,99.0,88.0,92.0,7.0,5.0,13.0,5.0,5.0,8605,0.75,1.81,0.133,0.3194,0.8803,0.0156,2.6043000000000003,80.96,45.45,0.0213,0.0009,Vipshop Holdings Limited,Consumer Cyclical,Internet Retail,China
GLOG,5.79,0.03,0.43,78.0,35.0,76.0,10.0,4.0,11.0,3.0,-53.0,1176,1.41,0.15,0.008,0.128,0.6132,-0.1076999999999999,1.6009,63.05,5.8,0.0052,0.0,GasLog Ltd.,Energy,Oil & Gas Midstream,Greece
HEAR,28.29,0.64,2.31,89.0,48.0,92.0,13.0,5.0,7.0,2.0,-43.0,366,1.6,2.33,-0.0196,0.018,0.374,-0.2084,5.9852,49.88,28.29,0.0202,0.0029,Turtle Beach Corporation,Technology,Consumer Electronics,USA
CUBI,32.13,0.52,1.65,99.0,82.0,92.0,11.0,5.0,13.0,3.0,175.0,586,1.57,1.22,0.1018999999999999,0.2483,1.0398,-0.0266999999999999,3.2946,72.71,32.13,0.0232,-0.0066,"Customers Bancorp, Inc.",Financial,Banks - Regional,USA
FRG,39.0,-0.06,-0.15,93.0,51.0,92.0,10.0,4.0,11.0,3.0,206.0,448,2.02,1.75,0.0401999999999999,0.0951,0.4160999999999999,-0.0602,5.7826,58.48,39.0,0.0056999999999999,-0.0072,"Franchise Group, Inc.",Consumer Cyclical,Personal Services,USA
NGVC,16.8,0.8,5.0,88.0,86.0,80.0,4.0,4.0,10.0,2.0,172.0,352,1.27,0.73,0.0706,0.0723,0.33,-0.1061,1.5981,56.8,16.76,0.0295,0.0175,"Natural Grocers by Vitamin Cottage, Inc.",Consumer Defensive,Grocery Stores,USA
SSTK,90.69,1.68,1.89,93.0,89.0,85.0,7.0,5.0,10.0,3.0,3.0,343,1.13,4.8,0.018,0.1435,0.4967,-0.0604,2.1147,58.18,90.67,0.0148,0.0038,"Shutterstock, Inc.",Communication Services,Internet Content & Information,USA
YY,115.41,1.51,1.33,87.0,76.0,77.0,10.0,5.0,9.0,5.0,-64.0,539,0.93,8.03,-0.0341,0.0495,0.2775,-0.2249,1.7990000000000002,48.65,115.4,-0.0053,0.0185,JOYY Inc.,Communication Services,Internet Content & Information,China
PRTA,24.36,0.46,1.92,55.0,11.0,91.0,7.0,1.0,12.0,3.0,176.0,1343,1.54,1.8,0.0767,0.3538,0.8338,-0.1043999999999999,2.374,62.54,24.36,0.0222,-0.0029,Prothena Corporation plc,Healthcare,Biotechnology,Ireland
BCC,59.15,-0.84,-1.4,97.0,98.0,79.0,9.0,5.0,8.0,3.0,42.0,560,2.03,2.45,0.0803999999999999,0.1351,0.3395,-0.0452,2.0540000000000003,60.41,59.14,-0.0133,-0.0008,Boise Cascade Company,Basic Materials,Lumber & Wood Production,USA
SBSW,18.16,-0.9,-4.72,88.0,79.0,91.0,1.0,5.0,8.0,3.0,114.0,6556,1.95,0.96,-0.042,0.0359,0.3645,-0.1074,4.2029000000000005,48.25,18.21,-0.0033,-0.0414,Sibanye Stillwater Limited,Basic Materials,Gold,South Africa
APAM,52.99,1.32,2.55,97.0,84.0,73.0,8.0,5.0,9.0,3.0,43.0,962,1.89,1.88,0.0785,0.0438999999999999,0.2482,-0.0348,2.0147,58.87,53.02,0.0260999999999999,0.0,Artisan Partners Asset Management Inc.,Financial,Asset Management,USA
TMHC,29.89,0.83,2.86,85.0,85.0,80.0,6.0,4.0,8.0,3.0,68.0,2178,1.79,1.51,0.0507,0.0737,0.2016,-0.0384,3.6808,55.42,29.91,0.016,0.0131,Taylor Morrison Home Corporation,Consumer Cyclical,Residential Construction,USA
GWPH,215.25,0.1,0.05,69.0,25.0,89.0,7.0,3.0,10.0,5.0,-31.0,795,1.69,1.11,0.0024,0.1594,0.6206,-0.0103,1.9278,75.11,215.25,0.0001,0.0003,GW Pharmaceuticals plc,Healthcare,Drug Manufacturers - General,United Kingdom
PFSI,62.26,-2.96,-4.54,85.0,98.0,75.0,3.0,5.0,3.0,3.0,173.0,2650,1.22,3.03,-0.0098999999999999,0.0104,0.1344999999999999,-0.1231,3.2725,47.22,62.25,-0.0235,-0.0225,"PennyMac Financial Services, Inc.",Financial,Mortgage Finance,USA
ECOM,24.01,1.3,5.72,69.0,35.0,90.0,4.0,4.0,10.0,3.0,25.0,430,0.89,1.42,0.0223,0.0762999999999999,0.3747,-0.1707,4.4668,53.6,24.0,0.0516999999999999,0.0048,ChannelAdvisor Corporation,Technology,Software - Application,USA
APPS,81.0,3.97,5.15,99.0,74.0,99.0,4.0,5.0,8.0,4.0,-6.0,3903,2.51,9.74,0.0017,0.1104,1.0347,-0.2102,21.6257,51.62,81.0,0.0518,-0.0003,"Digital Turbine, Inc.",Technology,Software - Application,USA
AXGN,21.47,0.46,2.19,72.0,54.0,83.0,7.0,2.0,9.0,4.0,66.0,443,0.76,1.22,0.0178,0.0825,0.4784,-0.062,1.9986,57.22,21.47,0.0292,-0.0070999999999999,"AxoGen, Inc.",Healthcare,Medical Devices,USA
VLRS,14.72,-0.33,-2.19,53.0,13.0,91.0,11.0,1.0,9.0,1.0,-19.0,452,2.86,0.79,-0.0496,0.0905,0.5791,-0.1227999999999999,4.0068,48.35,14.72,-0.0219,0.0,"Controladora Vuela Compania de Aviacion, S.A.B. de C.V.",Industrials,Airlines,Mexico
AR,9.79,0.51,5.5,90.0,32.0,98.0,13.0,1.0,12.0,3.0,45.0,14514,4.91,0.74,0.0184,0.1777,1.0490000000000002,-0.0819,14.3762,54.92,9.81,0.0559999999999999,0.0011,Antero Resources Corporation,Energy,Oil & Gas E&P,USA
CNHI,15.71,-0.03,-0.16,87.0,58.0,86.0,8.0,3.0,11.0,,-7.0,2389,1.77,0.37,0.0296,0.0935,0.5594,-0.0206,2.1008,63.37,15.69,0.0064,-0.0089,CNH Industrial N.V.,Industrials,Farm & Heavy Construction Machinery,United Kingdom
TCS,17.56,0.03,0.17,97.0,93.0,97.0,10.0,3.0,7.0,3.0,35.0,1898,1.33,1.35,0.0602,0.1805999999999999,1.0316,-0.0932,8.3636,56.92,17.51,0.0006,-0.0017,"The Container Store Group, Inc.",Consumer Cyclical,Specialty Retail,USA
LGIH,141.56,0.55,0.39,97.0,98.0,82.0,6.0,5.0,8.0,4.0,52.0,498,1.51,6.26,0.1214,0.218,0.2785,-0.0299,3.2897000000000003,67.86,141.56,0.006,-0.0021,"LGI Homes, Inc.",Consumer Cyclical,Residential Construction,USA
TWTR,66.19,-0.53,-0.79,91.0,62.0,82.0,10.0,3.0,13.0,4.0,-47.0,12587,0.87,3.96,-0.0567,0.0857,0.419,-0.1798,2.2064,48.52,66.23,-0.0131,0.0058,"Twitter, Inc.",Communication Services,Internet Content & Information,USA
UUUU,6.51,-0.06,-0.91,74.0,22.0,97.0,13.0,1.0,11.0,2.0,14.0,6378,,0.68,0.1263,0.3009,1.3935,-0.1673,6.7324,59.15,6.52,-0.0046,-0.003,Energy Fuels Inc.,Energy,Uranium,USA
SC,26.78,-0.69,-2.51,92.0,90.0,73.0,11.0,5.0,9.0,3.0,87.0,2009,1.03,0.83,0.0149,0.075,0.2766,-0.0584,1.7474,55.11,26.76,-0.0169,-0.0091,Santander Consumer USA Holdings Inc.,Financial,Credit Services,USA
ESI,19.73,-0.22,-1.1,93.0,75.0,80.0,9.0,4.0,11.0,3.0,19.0,2349,1.64,0.74,0.0382,0.0759,0.4321,-0.0604,2.2484,56.61,19.75,-0.0075,-0.0025,Element Solutions Inc,Basic Materials,Specialty Chemicals,USA
ITCI,35.94,0.9,2.57,48.0,17.0,72.0,7.0,2.0,11.0,3.0,70.0,1094,1.37,1.81,0.0081,0.0233999999999999,0.324,-0.1016,1.9875,52.43,35.94,0.0292,-0.0034,"Intra-Cellular Therapies, Inc.",Healthcare,Biotechnology,USA
GCI,6.0,0.2,3.54,83.0,38.0,96.0,9.0,2.0,12.0,3.0,60.0,3237,2.95,0.4,0.0871,0.2301,1.3157,-0.0385,8.5238,64.8,6.0,0.0345,0.0017,"Gannett Co., Inc.",Communication Services,Publishing,USA
QUOT,15.82,0.29,1.87,63.0,16.0,89.0,7.0,2.0,13.0,3.0,-2.0,867,0.89,0.81,0.0883,0.3217,0.7345,-0.0612,2.0561000000000003,66.96,15.8,0.0194,-0.0019,Quotient Technology Inc.,Communication Services,Advertising Agencies,USA
TPVG,14.47,0.12,0.84,80.0,64.0,73.0,8.0,4.0,11.0,,-35.0,130,1.9,0.38,-0.0024,0.0282,0.1982,-0.0498,4.218,51.24,14.5,0.0069,0.0034999999999999,TriplePoint Venture Growth BDC Corp.,Financial,Asset Management,USA
AMRK,39.74,1.47,3.84,98.0,77.0,92.0,10.0,5.0,10.0,3.0,76.0,264,-0.42,2.24,0.2619,0.3014,0.4911,-0.0053,4.6291,75.03,39.74,0.0135,0.0246,"A-Mark Precious Metals, Inc.",Financial,Capital Markets,USA
MGNI,50.68,3.38,7.15,87.0,60.0,99.0,4.0,4.0,9.0,4.0,-15.0,4505,2.48,5.73,0.0533999999999999,0.1545,1.6737,-0.2128999999999999,11.3912,54.92,50.68,0.0868999999999999,-0.0141999999999999,"Magnite, Inc.",Communication Services,Advertising Agencies,USA
FPI,11.76,0.03,0.26,49.0,27.0,77.0,6.0,3.0,9.0,3.0,51.0,470,0.88,0.77,-0.0847,0.0104,0.4106,-0.2162,1.3049000000000002,43.5,11.64,-0.0118999999999999,0.0043,Farmland Partners Inc.,Real Estate,REIT - Specialty,USA
MC,56.58,-0.38,-0.67,92.0,68.0,78.0,11.0,5.0,8.0,3.0,65.0,789,1.28,2.1,0.0366,0.0559,0.4417999999999999,-0.0511,1.5391,58.13,56.58,-0.0101,0.0034999999999999,Moelis & Company,Financial,Capital Markets,USA
MARA,43.05,1.49,3.59,86.0,45.0,99.0,8.0,3.0,13.0,4.0,-49.0,17409,4.6,6.08,0.1837,0.4261999999999999,3.3358,-0.1286999999999999,112.2895,58.48,43.05,0.0175,0.018,"Marathon Patent Group, Inc.",Financial,Capital Markets,USA
NAVI,13.76,0.82,6.34,88.0,92.0,81.0,10.0,4.0,6.0,3.0,236.0,7642,1.79,0.47,0.0779,0.1346,0.4357,0.0044,1.8787,66.7,13.76,0.0516,0.0112,Navient Corporation,Financial,Credit Services,USA
CCS,61.29,0.82,1.36,98.0,98.0,91.0,6.0,5.0,10.0,2.0,3.0,517,1.94,3.22,0.0373,0.1379,0.435,-0.0559999999999999,5.7876,55.55,61.36,0.0079,0.0068,"Century Communities, Inc.",Consumer Cyclical,Residential Construction,USA
RYAM,9.66,-0.59,-5.76,81.0,65.0,96.0,9.0,2.0,10.0,3.0,255.0,2277,3.85,0.8,-0.0174,0.1226999999999999,0.8486,-0.1469,9.7099,50.65,9.64,-0.054,-0.0059,Rayonier Advanced Materials Inc.,Basic Materials,Chemicals,USA
OCUL,20.67,0.96,4.87,53.0,15.0,91.0,7.0,2.0,10.0,4.0,38.0,1343,2.15,1.63,0.0865,0.0608,0.5550999999999999,-0.1494,4.0538,56.69,20.67,0.0567,-0.0076,"Ocular Therapeutix, Inc.",Healthcare,Biotechnology,USA
WMS,103.49,-0.27,-0.26,83.0,74.0,89.0,9.0,3.0,7.0,4.0,128.0,1151,1.39,4.21,-0.0265,0.0559,0.4761999999999999,-0.0908,3.6774,51.47,103.51,-0.0016,-0.0008,"Advanced Drainage Systems, Inc.",Industrials,Building Products & Equipment,USA
AFMD,8.32,0.26,3.23,77.0,43.0,91.0,7.0,2.0,12.0,4.0,112.0,4461,2.6,0.54,0.3285,0.3287,0.763,-0.0302999999999999,4.6599,70.29,8.32,0.0109,0.0210999999999999,Affimed N.V.,Healthcare,Biotechnology,Germany
CZR,89.32,-1.28,-1.41,62.0,5.0,96.0,11.0,2.0,9.0,3.0,902.0,30675,3.24,5.06,-0.0401,0.0644,0.4916,-0.1589,12.4924,48.1,89.32,-0.0237999999999999,0.0098999999999999,"Caesars Entertainment, Inc.",Consumer Cyclical,Resorts & Casinos,USA
ICL,5.91,-0.01,-0.17,78.0,45.0,74.0,9.0,3.0,11.0,,23.0,198,,0.15,0.0022,0.0449,0.3964,-0.0343,1.0556,54.5,5.92,0.0102,-0.0101,ICL Group Ltd,Basic Materials,Agricultural Inputs,Israel
HUBS,449.29,18.0,4.17,87.0,84.0,86.0,6.0,4.0,6.0,5.0,115.0,1199,1.73,31.2,-0.0755,0.0171,0.3513,-0.1813,3.6812,46.26,448.22,0.0229,0.0159,"HubSpot, Inc.",Technology,Software - Application,USA
XENE,18.91,0.53,2.88,62.0,38.0,74.0,7.0,2.0,10.0,3.0,-27.0,149,1.47,1.64,-0.0059,0.1184,0.4422,-0.1381,1.3578,52.69,18.91,0.0305,-0.0016,Xenon Pharmaceuticals Inc.,Healthcare,Biotechnology,Canada
DBVT,5.6,0.03,0.54,49.0,40.0,84.0,7.0,1.0,10.0,4.0,-80.0,155,,0.26,0.0204,0.0362,0.5764,-0.2453,3.1259,52.79,5.57,0.0127,-0.0126,DBV Technologies S.A.,Healthcare,Biotechnology,France
JYNT,42.75,0.87,2.08,91.0,74.0,95.0,4.0,5.0,9.0,5.0,54.0,254,1.25,3.13,0.0063,0.1677,0.8190000000000001,-0.145,4.2778,54.47,42.75,0.0316,-0.0105,The Joint Corp.,Healthcare,Medical Care Facilities,USA
TBK,82.55,0.17,0.21,99.0,94.0,95.0,13.0,4.0,10.0,3.0,64.0,270,1.08,3.32,0.0395,0.198,0.9036,-0.0362,3.2333,68.93,82.55,0.0166,-0.0143,"Triumph Bancorp, Inc.",Financial,Banks - Regional,USA
PRAH,150.05,2.32,1.57,81.0,79.0,72.0,6.0,5.0,8.0,4.0,9.0,804,1.32,3.99,0.0469,0.1226999999999999,0.3282,-0.0319,1.5575,66.84,150.05,0.0093999999999999,0.0062,"PRA Health Sciences, Inc.",Healthcare,Diagnostics & Research,USA
KEN,31.14,-0.44,-1.38,84.0,74.0,76.0,12.0,2.0,10.0,,-73.0,0,1.8,0.97,0.0536,0.0523,0.3506,-0.0136,1.9023,57.19,31.22,-0.0056999999999999,-0.0054,Kenon Holdings Ltd.,Utilities,Utilities - Regulated Electric,Singapore
VUZI,28.81,4.97,20.8,95.0,48.0,99.0,13.0,2.0,13.0,4.0,178.0,19106,2.49,3.88,0.4936999999999999,0.9216,3.1631,0.0971,29.9785,69.18,28.81,0.2244,-0.013,Vuzix Corporation,Technology,Consumer Electronics,USA
VSTO,34.5,1.45,4.39,99.0,77.0,94.0,8.0,3.0,11.0,3.0,61.0,2277,0.48,1.93,0.0708,0.104,0.569,-0.1006,4.8974,62.52,34.5,0.0268,0.0166,Vista Outdoor Inc.,Consumer Cyclical,Leisure,USA
ETSY,215.41,5.9,2.82,95.0,99.0,94.0,7.0,5.0,7.0,4.0,20.0,4284,1.63,16.24,0.0065,0.0187999999999999,0.4452,-0.1447,6.1923,50.88,215.41,0.0223,0.0058,"Etsy, Inc.",Consumer Cyclical,Internet Retail,USA
EVH,20.69,-0.02,-0.1,81.0,55.0,92.0,4.0,3.0,12.0,3.0,53.0,922,2.41,1.0,0.0443,0.0949,0.532,-0.0733999999999999,4.6277,59.5,20.71,-0.001,0.001,"Evolent Health, Inc.",Healthcare,Health Information Services,USA
ALPN,12.75,-1.06,-7.68,58.0,42.0,86.0,7.0,2.0,8.0,3.0,63.0,231,1.62,0.94,0.0034999999999999,0.0059,0.2682,-0.2211,5.2195,49.06,12.75,-0.0583,-0.0196,"Alpine Immune Sciences, Inc.",Healthcare,Biotechnology,USA
BLD,203.7,5.93,3.0,94.0,99.0,76.0,9.0,5.0,6.0,4.0,86.0,540,1.54,9.05,0.0289,0.0017,0.2189999999999999,-0.0924,2.5807,51.86,204.12,0.0286,0.0034,TopBuild Corp.,Industrials,Engineering & Construction,USA
SPNE,19.11,-0.56,-2.85,50.0,42.0,76.0,8.0,1.0,8.0,3.0,112.0,237,1.17,1.24,-0.0008,0.0623,0.3154,-0.0886999999999999,3.1097,52.33,19.11,-0.0215,-0.0070999999999999,SeaSpine Holdings Corporation,Healthcare,Medical Devices,USA
RBNC,29.33,1.16,4.12,99.0,88.0,83.0,13.0,5.0,13.0,4.0,401.0,276,1.03,0.98,0.193,0.3256,0.6604000000000001,0.0212,2.1037,85.77,29.33,0.0308999999999999,0.0098999999999999,"Reliant Bancorp, Inc.",Financial,Banks - Regional,USA
MCFT,29.54,0.39,1.34,94.0,85.0,87.0,8.0,3.0,10.0,3.0,34.0,245,2.35,1.72,0.0260999999999999,0.0575,0.3094,-0.084,5.0286,53.76,29.54,0.0075,0.0058,"MasterCraft Boat Holdings, Inc.",Consumer Cyclical,Recreational Vehicles,USA
LOB,64.51,0.77,1.21,99.0,79.0,97.0,13.0,5.0,10.0,3.0,84.0,623,1.4,3.34,0.1336,0.2829,0.9215,-0.0512,7.5218,72.45,64.51,0.03,-0.0174,"Live Oak Bancshares, Inc.",Financial,Banks - Regional,USA
RILY,56.58,-0.8,-1.39,99.0,97.0,92.0,11.0,5.0,9.0,3.0,72.0,401,1.3,2.51,-0.0208,0.093,0.723,-0.1323,3.6161,52.74,56.58,-0.0060999999999999,-0.0078,"B. Riley Financial, Inc.",Financial,Financial Conglomerates,USA
RMNI,8.19,0.03,0.37,81.0,74.0,87.0,7.0,,10.0,4.0,-23.0,444,0.52,0.62,-0.0066,0.0573,0.5843,-0.236,1.6941,51.0,8.19,0.0060999999999999,-0.0025,"Rimini Street, Inc.",Technology,Software - Application,USA
PEN,266.87,-11.1,-3.99,59.0,39.0,73.0,7.0,3.0,6.0,4.0,32.0,670,0.26,12.76,-0.0432,0.0255,0.2036,-0.151,1.1903,45.94,266.78,-0.0466,0.0065,"Penumbra, Inc.",Healthcare,Medical Devices,USA
SGRY,40.99,-0.45,-1.09,63.0,12.0,96.0,8.0,2.0,12.0,3.0,29.0,650,3.16,2.44,0.0152,0.122,0.6854,-0.0857,7.989,55.97,40.99,0.0002,-0.0111,"Surgery Partners, Inc.",Healthcare,Medical Care Facilities,USA
PFGC,55.75,1.35,2.48,65.0,25.0,85.0,9.0,3.0,9.0,4.0,102.0,1624,1.7,2.33,0.0028,0.0628,0.3887,-0.068,4.0562000000000005,52.85,55.82,0.0263,-0.0002,Performance Food Group Company,Consumer Defensive,Food Distribution,USA
ACRS,26.79,1.85,7.42,74.0,45.0,99.0,3.0,2.0,11.0,4.0,-63.0,1297,0.69,2.05,0.1805,0.3964,2.7836000000000003,0.0111,37.2714,68.86,26.79,0.0755,-0.0012,"Aclaris Therapeutics, Inc.",Healthcare,Biotechnology,USA
ABTX,42.77,1.06,2.54,96.0,86.0,73.0,13.0,4.0,12.0,3.0,278.0,315,1.12,1.51,0.0726,0.1299,0.4295,-0.0132,1.0484,68.75,42.77,0.0465,-0.0200999999999999,"Allegiance Bancshares, Inc.",Financial,Banks - Regional,USA
CSWI,132.0,-0.55,-0.41,88.0,92.0,78.0,9.0,5.0,8.0,3.0,185.0,170,0.81,4.19,0.0095,0.0437,0.3899,-0.0504,1.3199,53.73,132.0,0.0034,-0.0075,"CSW Industrials, Inc.",Industrials,Specialty Industrial Machinery,USA
FLOW,64.76,-1.73,-2.6,55.0,36.0,84.0,7.0,2.0,5.0,3.0,165.0,635,1.83,2.2,-0.0017,0.0787,0.3232,-0.0746,2.9213,52.77,64.78,-0.0272,0.0015,"SPX FLOW, Inc.",Industrials,Specialty Industrial Machinery,USA
WSC,26.82,-0.18,-0.67,93.0,74.0,84.0,12.0,4.0,2.0,3.0,63.0,2674,1.76,0.97,-0.0081,0.0185,0.3509,-0.0658,2.6,50.5,26.82,-0.0019,-0.0048,WillScot Mobile Mini Holdings Corp.,Industrials,Rental & Leasing Services,USA
DLTH,15.05,-0.05,-0.33,80.0,52.0,83.0,12.0,3.0,6.0,2.0,73.0,403,0.79,1.07,0.0260999999999999,0.0993999999999999,0.2971999999999999,-0.1298,4.3464,53.58,15.05,-0.0033,0.0,Duluth Holdings Inc.,Consumer Cyclical,Apparel Retail,USA
SMBK,23.68,1.2,5.34,98.0,89.0,74.0,13.0,4.0,13.0,3.0,310.0,190,0.75,0.74,0.0705,0.1247,0.4065,-0.0116999999999999,1.143,67.49,23.68,0.0548,-0.0013,"SmartFinancial, Inc.",Financial,Banks - Regional,USA
BGNE,348.95,23.1,7.09,48.0,36.0,81.0,7.0,2.0,5.0,4.0,11.0,367,0.91,16.62,0.0933,0.0479,0.3068,-0.1028999999999999,1.9435,59.85,348.95,0.0604,0.0098999999999999,"BeiGene, Ltd.",Healthcare,Biotechnology,China
TPB,52.25,0.66,1.28,92.0,95.0,85.0,5.0,5.0,8.0,4.0,-38.0,131,0.57,2.39,0.0317,0.0478,0.4150999999999999,-0.1462,2.7012,54.59,52.15,0.0066,0.0043,"Turning Point Brands, Inc.",Consumer Defensive,Tobacco,USA
NGVT,75.48,-1.52,-1.97,87.0,94.0,71.0,9.0,4.0,8.0,4.0,199.0,800,2.24,2.55,0.0273,0.04,0.1951,-0.0548,1.8799,54.18,75.31,-0.0214,-0.0005,Ingevity Corporation,Basic Materials,Specialty Chemicals,USA
TLND,64.2,-0.06,-0.09,50.0,7.0,87.0,4.0,2.0,11.0,4.0,-52.0,265,0.88,3.33,0.1418,0.2776,0.5494,-0.0258,2.5082,68.54,64.2,0.0049,-0.0058,Talend S.A.,Technology,Software - Infrastructure,France
HOME,33.04,3.05,10.2,99.0,76.0,99.0,10.0,4.0,10.0,3.0,44.0,2869,2.57,2.23,0.2232,0.3345,0.9614,0.0286,25.464,72.04,33.08,0.103,0.0,At Home Group Inc.,Consumer Cyclical,Specialty Retail,USA
MEDP,166.57,5.62,3.49,93.0,99.0,76.0,6.0,5.0,10.0,3.0,133.0,482,1.36,7.16,0.0388,0.0955,0.3267,-0.0596,1.8367,59.11,166.57,0.0316,0.0032,"Medpace Holdings, Inc.",Healthcare,Diagnostics & Research,USA
PTGX,31.15,1.74,5.92,70.0,45.0,92.0,3.0,2.0,10.0,4.0,173.0,1048,1.58,1.94,0.1015,0.2416,0.4804,-0.0136,4.7792,63.46,31.15,0.0617,-0.0024,"Protagonist Therapeutics, Inc.",Healthcare,Biotechnology,USA
ELF,27.59,-0.16,-0.58,80.0,70.0,81.0,5.0,5.0,10.0,4.0,-42.0,490,2.06,0.95,0.0404,0.126,0.3101,-0.0491,2.6504000000000003,61.17,27.67,-0.016,0.0133,"e.l.f. Beauty, Inc.",Consumer Defensive,Household & Personal Products,USA
CSTR,18.9,1.02,5.7,99.0,92.0,79.0,13.0,5.0,12.0,3.0,463.0,383,1.15,0.7,0.1362,0.1914999999999999,0.51,0.0541,1.5403,74.63,18.9,0.0794,-0.0207,"Capstar Financial Holdings, Inc.",Financial,Banks - Regional,USA
FBK,47.32,0.2,0.42,99.0,94.0,84.0,13.0,5.0,9.0,3.0,130.0,369,1.27,1.48,0.0499,0.1632,0.5108,-0.0464,2.2478,65.75,47.32,0.0055,-0.0013,FB Financial Corporation,Financial,Banks - Regional,USA
CWH,39.55,0.01,0.01,97.0,76.0,96.0,9.0,2.0,11.0,3.0,-31.0,1060,3.38,2.63,0.0803999999999999,0.1106,0.285,-0.102,10.3657,56.01,39.6,-0.0025,0.0038,"Camping World Holdings, Inc.",Consumer Cyclical,Recreational Vehicles,USA
DFIN,28.86,0.76,2.7,94.0,74.0,95.0,10.0,5.0,12.0,3.0,155.0,676,2.16,1.31,0.0665,0.2717,0.9238,-0.0489,6.1188,65.44,28.76,0.0148,0.0085,"Donnelley Financial Solutions, Inc.",Financial,Capital Markets,USA
SMPL,32.26,-0.64,-1.95,80.0,94.0,75.0,1.0,5.0,4.0,3.0,215.0,2173,1.01,1.61,0.045,0.0868999999999999,0.3224,-0.0848,1.2912,55.78,32.26,-0.0019,-0.0176,The Simply Good Foods Company,Consumer Defensive,Packaged Foods,USA
ATH,49.71,-0.48,-0.96,85.0,88.0,78.0,5.0,4.0,7.0,3.0,104.0,3491,1.64,1.79,0.0233,0.0819,0.2775,-0.1038,2.1678,56.6,49.64,-0.0078,-0.0032,Athene Holding Ltd.,Financial,Insurance - Diversified,Bermuda
ICHR,46.69,0.32,0.69,98.0,93.0,88.0,12.0,5.0,12.0,3.0,291.0,1685,2.31,3.16,0.0415,0.1156,0.5156000000000001,-0.0827,2.4130000000000003,54.95,46.69,-0.003,0.0098999999999999,"Ichor Holdings, Ltd.",Technology,Semiconductor Equipment & Materials,USA
ORGO,18.67,1.59,9.31,96.0,74.0,98.0,7.0,4.0,12.0,4.0,23.0,1064,1.36,1.42,0.1985,0.4643,1.8986,0.0141,6.153300000000001,70.38,18.67,0.1008,-0.0069999999999999,Organogenesis Holdings Inc.,Healthcare,Drug Manufacturers - Specialty & Generic,USA
JELD,28.8,0.38,1.34,82.0,84.0,83.0,9.0,3.0,4.0,3.0,62.0,908,2.56,1.42,0.0074,0.0279999999999999,0.2466,-0.0781,3.1143,52.04,28.8,0.0105,0.0028,"JELD-WEN Holding, Inc.",Industrials,Building Products & Equipment,USA
ARD,26.08,-0.19,-0.72,74.0,72.0,85.0,4.0,,10.0,3.0,71.0,218,1.25,1.13,0.0378,0.2478999999999999,0.5688,-0.046,1.8413,64.48,26.14,-0.008,0.003,Ardagh Group S.A.,Consumer Cyclical,Packaging & Containers,Luxembourg
IR,49.45,-0.29,-0.58,92.0,84.0,73.0,7.0,5.0,9.0,4.0,1.0,2156,1.56,1.58,0.0333,0.0788,0.2717,-0.0419,1.7050999999999998,58.37,49.45,-0.0036,-0.0022,Ingersoll Rand Inc.,Industrials,Specialty Industrial Machinery,USA
NESR,11.92,0.0,0.0,82.0,25.0,76.0,12.0,4.0,11.0,3.0,15.0,321,0.93,0.64,-0.0741,0.0125,0.3883,-0.1635,1.9505,43.1,11.92,0.0093,-0.0092,National Energy Services Reunited Corp.,Energy,Oil & Gas Equipment & Services,USA
BOMN,39.44,-1.23,-3.02,81.0,74.0,89.0,9.0,3.0,9.0,4.0,83.0,311,0.54,2.97,-0.0932,0.0742,0.7371,-0.21,1.7159,45.32,39.44,-0.0185,-0.012,Boston Omaha Corporation,Communication Services,Advertising Agencies,USA
RBB,21.47,0.31,1.47,89.0,77.0,74.0,11.0,4.0,12.0,4.0,256.0,176,0.96,0.83,0.0385,0.1358,0.4471,-0.0665,1.0236,59.09,21.47,0.0209,-0.0060999999999999,RBB Bancorp,Financial,Banks - Regional,USA
CSSE,27.2,-1.17,-4.12,70.0,19.0,95.0,11.0,2.0,9.0,4.0,-45.0,32,1.64,2.26,0.0363,0.0507,0.6890999999999999,-0.1744,4.4293000000000005,53.83,27.2,-0.0466,0.0056,"Chicken Soup for the Soul Entertainment, Inc.",Communication Services,Broadcasting,USA
NSCO,9.04,0.24,2.73,74.0,31.0,91.0,12.0,,12.0,4.0,56.0,311,0.25,0.46,0.0814,0.1296,0.7071999999999999,-0.0195,4.0615,66.16,9.06,0.0168,0.0125,"Nesco Holdings, Inc.",Industrials,Rental & Leasing Services,USA
NEXA,10.11,-0.36,-3.44,50.0,66.0,87.0,1.0,1.0,6.0,2.0,364.0,427,1.76,0.91,-0.0116999999999999,0.0399,0.3365999999999999,-0.1955,2.9454,49.29,10.12,-0.0371,0.0038,Nexa Resources S.A.,Basic Materials,Other Industrial Metals & Mining,Luxembourg
MBIN,39.85,0.41,1.04,98.0,99.0,86.0,11.0,5.0,12.0,4.0,122.0,141,1.13,1.9,0.045,0.1696,0.6218,-0.109,2.2215000000000003,60.25,39.85,0.0028,0.0076,Merchants Bancorp,Financial,Banks - Regional,USA
ALTR,61.4,2.26,3.82,78.0,84.0,71.0,3.0,3.0,10.0,4.0,33.0,433,1.51,3.1,0.012,0.0042,0.2593,-0.1047,1.6649,51.25,61.4,0.0409,-0.0025,Altair Engineering Inc.,Technology,Software - Infrastructure,USA
FNKO,17.57,0.27,1.56,92.0,58.0,94.0,11.0,2.0,12.0,4.0,75.0,1270,2.41,1.15,0.1954,0.3287,1.0562,-0.1094999999999999,4.6314,67.88,17.57,0.0227,-0.0069,"Funko, Inc.",Consumer Cyclical,Leisure,USA
FINV,8.24,-0.23,-2.72,95.0,61.0,98.0,10.0,5.0,11.0,3.0,3.0,4534,1.01,1.13,0.2894,0.6282,1.9651,-0.2234,5.1037,62.09,8.24,-0.0096,-0.0177,FinVolution Group,Financial,Credit Services,China
CASA,10.07,0.47,4.9,89.0,65.0,92.0,13.0,5.0,7.0,3.0,-6.0,757,,0.74,0.1551,0.2072,0.7431,-0.2342,3.5566000000000004,66.14,10.07,0.0414,0.0073,"Casa Systems, Inc.",Technology,Communication Equipment,USA
REKR,21.53,2.28,11.8,76.0,23.0,98.0,6.0,2.0,13.0,4.0,91.0,2209,1.76,2.04,0.3228,0.499,1.9226,0.0416,8.1609,68.43,21.53,0.1127,0.0052,"Rekor Systems, Inc.",Industrials,Security & Protection Services,USA
EOLS,13.88,0.96,7.43,76.0,50.0,96.0,3.0,2.0,12.0,3.0,-49.0,830,,1.52,0.1319,0.5992000000000001,1.7138,-0.0628,3.8702,63.39,13.88,0.062,0.0116,"Evolus, Inc.",Healthcare,Drug Manufacturers - Specialty & Generic,USA
PACK,20.84,-0.05,-0.24,51.0,17.0,91.0,4.0,2.0,9.0,4.0,56.0,580,,0.96,0.0528,0.1246,0.7518,-0.0544,2.6596,60.26,20.86,0.0029,-0.0043,Ranpak Holdings Corp.,Consumer Cyclical,Packaging & Containers,USA
LPRO,38.52,0.73,1.93,82.0,64.0,89.0,12.0,2.0,7.0,4.0,-9.0,927,,2.74,0.006,0.0129,0.4399,-0.1042,3.111,50.45,38.52,0.0174,0.0019,Open Lending Corporation,Financial,Credit Services,USA
BWB,16.18,0.08,0.5,91.0,72.0,71.0,11.0,4.0,12.0,4.0,144.0,191,,0.66,0.006,0.1048,0.3990999999999999,-0.1134,1.025,55.62,16.18,0.0081,-0.0031,"Bridgewater Bancshares, Inc.",Financial,Banks - Regional,USA
BFST,24.65,0.92,3.88,99.0,94.0,75.0,10.0,5.0,13.0,4.0,333.0,180,,0.88,0.0619,0.1143,0.3873,0.0081999999999999,1.6881,64.17,24.65,0.044,-0.0051,"Business First Bancshares, Inc.",Financial,Banks - Regional,USA
AHCO,37.12,1.35,3.77,38.0,7.0,79.0,2.0,3.0,8.0,3.0,535.0,7511,,2.18,0.1054,0.0491,0.3481,-0.1072,2.5352,58.93,37.12,0.0123,0.0252,AdaptHealth Corp.,Healthcare,Medical Devices,USA
STXB,23.06,0.67,2.99,99.0,93.0,82.0,13.0,5.0,13.0,4.0,340.0,190,,0.98,0.0327,0.1466,0.5333,-0.0588,1.5737,61.45,23.06,0.0231,0.0067,"Spirit of Texas Bancshares, Inc.",Financial,Banks - Regional,USA
EQH,32.63,0.11,0.34,88.0,83.0,83.0,8.0,5.0,9.0,3.0,45.0,5253,,0.93,0.0573,0.1469,0.3987,-0.0318,2.2983,68.05,32.62,0.0025,0.0006,"Equitable Holdings, Inc.",Financial,Insurance - Diversified,USA
CHX,22.39,-0.09,-0.4,82.0,12.0,95.0,13.0,3.0,11.0,3.0,151.0,3989,,1.43,-0.0009,0.1678,0.7698,-0.125,6.7474,54.03,22.39,0.009,-0.0129,ChampionX Corporation,Energy,Oil & Gas Equipment & Services,USA
OPRX,50.42,0.46,0.92,75.0,66.0,97.0,4.0,3.0,4.0,5.0,-30.0,216,0.68,5.02,-0.0169,0.0356999999999999,0.8584999999999999,-0.2119,6.745,51.23,50.42,0.0092,0.0,OptimizeRx Corporation,Healthcare,Health Information Services,USA
ESTA,60.57,2.55,4.4,59.0,44.0,96.0,7.0,1.0,8.0,5.0,-62.0,43,,4.57,-0.0623,0.0447,0.9662,-0.2125,6.5712,48.55,60.57,0.0398,0.004,Establishment Labs Holdings Inc.,Healthcare,Medical Devices,Costa Rica
DAVA,86.56,0.0,0.0,96.0,85.0,79.0,7.0,5.0,9.0,4.0,-56.0,64,,3.47,-0.0081,0.0329,0.319,-0.0504,2.1757,50.88,86.41,-0.0052,0.0034999999999999,Endava plc,Technology,Software - Infrastructure,United Kingdom
SONO,41.57,1.21,3.0,97.0,72.0,96.0,13.0,2.0,12.0,4.0,130.0,7361,,2.54,0.0479,0.2471999999999999,1.0233,-0.049,5.3176,60.62,41.57,-0.0212,0.0523,"Sonos, Inc.",Technology,Consumer Electronics,USA
XPEL,56.07,0.12,0.21,92.0,95.0,94.0,6.0,5.0,8.0,4.0,5.0,324,1.57,4.87,0.0377,0.0366999999999999,0.643,-0.1471,5.675,51.55,56.07,0.0148,-0.0125,"XPEL, Inc.",Consumer Cyclical,Auto Parts,USA
SIBN,33.83,0.48,1.44,70.0,40.0,86.0,8.0,2.0,10.0,4.0,242.0,975,,1.61,0.0888,0.1035,0.4217,0.0024,3.6985,64.01,33.83,0.023,-0.0084,"SI-BONE, Inc.",Healthcare,Medical Devices,USA
YETI,75.05,2.03,2.78,91.0,81.0,88.0,8.0,5.0,4.0,4.0,-5.0,1558,,3.75,0.0650999999999999,0.0528,0.3289999999999999,-0.0724,3.9103,57.63,75.03,0.0085,0.019,"YETI Holdings, Inc.",Consumer Cyclical,Leisure,USA
REZI,29.73,0.57,1.95,79.0,42.0,95.0,9.0,4.0,10.0,3.0,26.0,1390,,1.81,0.0586,0.1323,0.7471,-0.0619,6.986599999999999,57.92,29.71,0.0109,0.0079,"Resideo Technologies, Inc.",Industrials,Security & Protection Services,USA
TME,30.43,1.91,6.7,98.0,85.0,90.0,10.0,5.0,7.0,5.0,68.0,24991,,1.56,0.1424,0.1802,0.6784,0.0486,2.2993,67.45,30.42,0.0650999999999999,0.0014,Tencent Music Entertainment Group,Communication Services,Internet Content & Information,China
QFIN,30.86,-2.72,-8.1,99.0,98.0,96.0,10.0,5.0,11.0,3.0,13.0,3902,,3.53,0.1362,0.4036999999999999,1.1074,-0.122,3.8219,59.31,30.86,-0.0921,0.0121999999999999,"360 DigiTech, Inc.",Financial,Credit Services,China
ATCX,10.64,-0.03,-0.28,56.0,29.0,72.0,6.0,3.0,9.0,5.0,198.0,292,,0.62,0.1173,0.1326,0.286,-0.0576,1.1495,63.34,10.64,-0.0019,-0.0009,"Atlas Technical Consultants, Inc.",Industrials,Engineering & Construction,USA
NFE,52.0,3.8,7.88,72.0,61.0,94.0,7.0,2.0,7.0,3.0,142.0,1386,,4.38,0.1147,0.0613,0.4000999999999999,-0.2109,6.417999999999999,56.3,52.0,0.0911,-0.0112,New Fortress Energy Inc.,Utilities,Utilities - Regulated Gas,USA
FOX,40.35,-0.05,-0.12,88.0,88.0,73.0,8.0,5.0,11.0,2.0,17.0,2199,,1.56,0.0959,0.2249,0.4052,-0.0425,1.1093000000000002,68.02,40.35,-0.0002,-0.001,Fox Corporation,Communication Services,Broadcasting,USA
WTRE,34.9,0.03,0.09,91.0,84.0,74.0,6.0,5.0,10.0,2.0,28.0,163,,0.16,0.0039,0.0053,0.2713,-0.0513999999999999,2.2136,61.04,34.9,0.0006,0.0003,Watford Holdings Ltd.,Financial,Insurance - Diversified,Bermuda
TMDX,44.29,2.48,5.93,76.0,47.0,94.0,7.0,2.0,11.0,4.0,23.0,983,,5.14,0.1888,0.521,1.2966,-0.0644,2.9728,65.32,44.29,0.0448,0.0139,"TransMedics Group, Inc.",Healthcare,Medical Devices,USA
ALTG,13.11,1.4,12.0,88.0,64.0,85.0,12.0,2.0,11.0,3.0,493.0,518,,0.41,0.1762999999999999,0.2364,0.4785,0.0933,2.6546,79.51,13.12,0.0762999999999999,0.0409999999999999,Alta Equipment Group Inc.,Industrials,Rental & Leasing Services,USA
HHR,36.07,-0.38,-1.04,86.0,70.0,77.0,10.0,5.0,8.0,3.0,-23.0,89,,1.89,0.0649,0.1348,0.4154,-0.0327,1.8995,59.6,36.07,-0.057,0.0494,HeadHunter Group PLC,Industrials,Staffing & Employment Services,Russia
CTVA,47.08,0.12,0.26,65.0,29.0,74.0,11.0,3.0,8.0,3.0,19.0,4094,,1.32,0.0242,0.0702,0.3602,-0.019,1.2916,60.43,47.07,0.0073,-0.0049,"Corteva, Inc.",Basic Materials,Agricultural Inputs,USA
CMBM,49.48,1.43,2.98,99.0,80.0,98.0,13.0,5.0,12.0,5.0,66.0,484,,4.13,0.0909,0.2633,1.2231,-0.0813,12.8599,60.07,49.48,0.0397,-0.0096,Cambium Networks Corporation,Technology,Communication Equipment,USA
DKNG,71.98,4.37,6.46,76.0,27.0,92.0,11.0,2.0,8.0,4.0,39.0,23103,,4.8,0.1124,0.2071,0.5356000000000001,-0.0285,5.5916,61.53,71.98,0.0564,0.0078,DraftKings Inc.,Financial,Shell Companies,USA
INMD,71.06,1.36,1.95,97.0,96.0,91.0,8.0,5.0,9.0,5.0,-15.0,708,,4.54,0.0104,0.0986,0.6241,-0.0866,3.6472,54.57,71.06,0.0134,0.006,InMode Ltd.,Healthcare,Medical Devices,Israel
TXG,177.76,9.25,5.49,45.0,4.0,83.0,7.0,2.0,10.0,4.0,67.0,1291,,11.59,0.0548,0.0206,0.3308,-0.1186999999999999,2.6441000000000003,54.89,177.76,0.0415,0.0128,"10x Genomics, Inc.",Healthcare,Health Information Services,USA
ALRS,34.25,1.1,3.32,97.0,95.0,73.0,11.0,5.0,13.0,4.0,888.0,335,0.87,1.31,0.1225,0.1876,0.4465,0.0106,1.2756999999999998,73.4,34.25,0.0433,-0.0097,Alerus Financial Corporation,Financial,Banks - Regional,USA
PGNY,47.13,1.1,2.39,80.0,74.0,80.0,3.0,4.0,4.0,4.0,10.0,850,,2.73,0.0189,0.0015,0.3925,-0.1186999999999999,2.0231,51.53,47.13,0.0358,-0.0115,"Progyny, Inc.",Healthcare,Health Information Services,USA
ONEW,41.35,-0.87,-2.06,90.0,49.0,96.0,10.0,4.0,8.0,4.0,264.0,338,,2.3,0.0672,0.1484,0.5179,-0.0708,9.9392,61.01,41.35,0.0308999999999999,-0.05,OneWater Marine Inc.,Consumer Cyclical,Recreational Vehicles,USA
SI,159.54,13.4,9.17,99.0,92.0,99.0,13.0,4.0,9.0,4.0,29.0,1888,,23.61,0.1535,0.3661,2.4413,-0.1464,18.7731,58.05,160.36,0.085,0.0111,Silvergate Capital Corporation,Financial,Banks - Regional,USA
GFL,33.13,0.33,0.99,81.0,74.0,73.0,7.0,3.0,7.0,3.0,93.0,1558,,1.32,0.0361,0.0847,0.3768,-0.0394,1.7777,59.1,33.11,0.0163,-0.0069999999999999,GFL Environmental Inc.,Industrials,Waste Management,Canada
GRWG,54.78,4.03,7.94,94.0,74.0,99.0,7.0,4.0,8.0,4.0,-11.0,2371,3.08,5.75,0.1369,0.0825999999999999,1.0942,-0.1914,18.5643,56.71,54.78,0.093,-0.0124,GrowGeneration Corp.,Consumer Cyclical,Home Improvement Retail,USA
NARI,108.28,-0.7,-0.64,86.0,84.0,85.0,7.0,5.0,4.0,5.0,170.0,1660,,8.37,0.0012,0.0375,0.4443,-0.1502,1.7378,50.5,108.28,-0.0105,0.0040999999999999,"Inari Medical, Inc.",Healthcare,Medical Devices,USA
MP,45.98,5.48,13.5,95.0,67.0,96.0,13.0,5.0,10.0,3.0,111.0,10752,,5.02,0.0785,0.2362999999999999,1.1317,-0.1116,3.7025,57.36,45.99,0.1217,0.0123,MP Materials Corp.,Basic Materials,Other Industrial Metals & Mining,USA
IAC,242.03,6.94,2.95,96.0,84.0,86.0,10.0,4.0,9.0,4.0,0.0,620,1.78,10.72,0.0025,0.0548,0.584,-0.0901,5.8028,52.91,242.03,0.0297,-0.0002,IAC/InterActiveCorp,Communication Services,Internet Content & Information,USA
PAND,60.03,0.13,0.22,63.0,2.0,97.0,7.0,2.0,13.0,4.0,173.0,1017,,2.01,0.1274,0.8466,1.9285,-0.0455999999999999,4.8395,89.21,60.03,-0.0037,0.0058,"Pandion Therapeutics, Inc.",Healthcare,Biotechnology,USA
MEG,47.1,-0.62,-1.3,53.0,22.0,84.0,7.0,2.0,7.0,4.0,542.0,1589,,3.33,0.034,0.1139,0.4795,-0.0894,1.8641,56.27,47.0,-0.0325,0.018,"Montrose Environmental Group, Inc.",Industrials,Waste Management,USA
FTHM,43.98,2.48,5.98,78.0,43.0,95.0,9.0,2.0,11.0,,100.0,262,,5.13,0.0764,0.0693,0.6208,-0.2257999999999999,4.105,55.97,43.98,0.0650999999999999,-0.0051,Fathom Holdings Inc.,Real Estate,Real Estate Services,USA
AOUT,26.14,0.14,0.54,91.0,78.0,73.0,8.0,3.0,13.0,3.0,181.0,559,,1.55,0.1875,0.2487,0.5312,-0.129,1.136,72.32,26.14,-0.0393,0.0465,"American Outdoor Brands, Inc.",Consumer Cyclical,Leisure,USA
PLBY,18.24,1.19,6.98,42.0,8.0,82.0,10.0,,9.0,,63.0,877,,1.49,0.3379,0.4205,0.6381,0.0167,0.8579000000000001,73.86,18.3,0.0608999999999999,0.0116999999999999,"PLBY Group, Inc.",Consumer Cyclical,Leisure,USA
ASO,25.66,0.57,2.27,98.0,99.0,81.0,10.0,4.0,9.0,4.0,17.0,1670,,1.54,0.0279,0.0776,0.3097,-0.0836,1.1295,55.4,25.66,0.0297,-0.0068,"Academy Sports and Outdoors, Inc.",Consumer Cyclical,Specialty Retail,USA
NGMS,40.77,-0.17,-0.41,93.0,69.0,80.0,3.0,5.0,12.0,5.0,279.0,633,,2.79,0.2583,0.3201,0.4097,-0.0382,1.1837,78.38,40.77,-0.0225,0.0187999999999999,NeoGames S.A.,Communication Services,Electronic Gaming & Multimedia,Israel
UPST,125.28,10.2,8.86,93.0,31.0,97.0,11.0,3.0,11.0,4.0,356.0,8545,,13.77,0.9151,0.8398,0.9988,0.0042,4.5409,77.14,125.28,0.16,-0.0616,"Upstart Holdings, Inc.",Financial,Credit Services,USA
